region,county,district_name,total_enrollment,tea_description,bill_category,average_base_pay,alice_threshold_hh_under_65,difference
07,ANDERSON COUNTY,CAYUGA ISD,589,Rural,under 1600,58517,60000,-1483
07,ANDERSON COUNTY,ELKHART ISD,1197,Non-metropolitan Stable,under 1600,55838,60000,-4162
07,ANDERSON COUNTY,FRANKSTON ISD,802,Rural,under 1600,57149,60000,-2851
07,ANDERSON COUNTY,NECHES ISD,326,Rural,under 1600,52912,60000,-7088
07,ANDERSON COUNTY,PALESTINE ISD,3247,Independent Town,under 5000,55167,60000,-4833
07,ANDERSON COUNTY,SLOCUM ISD,332,Rural,under 1600,61286,60000,1286
07,ANDERSON COUNTY,WESTWOOD ISD,1365,Non-metropolitan Stable,under 1600,50996,60000,-9004
18,ANDREWS COUNTY,ANDREWS ISD,4269,Other Central City Suburban,under 5000,62190,61318.0907587727,872
07,ANGELINA COUNTY,CENTRAL ISD,1525,Non-metropolitan Stable,under 1600,54929,50000,4929
07,ANGELINA COUNTY,DIBOLL ISD,1627,Non-metropolitan Stable,under 5000,60133,50000,10133
07,ANGELINA COUNTY,HUDSON ISD,2741,Non-metropolitan Stable,under 5000,56177,50000,6177
07,ANGELINA COUNTY,HUNTINGTON ISD,1590,Non-metropolitan Stable,under 1600,53449,50000,3449
07,ANGELINA COUNTY,LUFKIN ISD,7046,Independent Town,over 5000,54756,50000,4756
07,ANGELINA COUNTY,ZAVALLA ISD,320,Rural,under 1600,55528,50000,5528
02,ARANSAS COUNTY,ROCKPORT-FULTON ISD,2968,Independent Town,under 5000,58468,51563.4424007744,6905
09,ARCHER COUNTY,ARCHER CITY ISD,501,Rural,under 1600,56088,56629.3097345133,-541
09,ARCHER COUNTY,HOLLIDAY ISD,1132,Other Central City Suburban,under 1600,57639,56629.3097345133,1010
09,ARCHER COUNTY,WINDTHORST ISD,516,Non-metropolitan Fast Growing,under 1600,54976,56629.3097345133,-1653
16,ARMSTRONG COUNTY,CLAUDE ISD,319,Rural,under 1600,49000,60000,-11000
20,ATASCOSA COUNTY,CHARLOTTE ISD,444,Rural,under 1600,58029,50000,8029
20,ATASCOSA COUNTY,JOURDANTON ISD,1588,Non-metropolitan Stable,under 1600,60211,50000,10211
20,ATASCOSA COUNTY,LYTLE ISD,1821,Non-metropolitan Stable,under 5000,58001,50000,8001
20,ATASCOSA COUNTY,PLEASANTON ISD,3364,Independent Town,under 5000,64580,50000,14580
20,ATASCOSA COUNTY,POTEET ISD,1842,Non-metropolitan Stable,under 5000,55169,50000,5169
06,AUSTIN COUNTY,BELLVILLE ISD,2283,Independent Town,under 5000,58453,55765.2565671105,2688
06,AUSTIN COUNTY,BRAZOS ISD,859,Rural,under 1600,55302,55765.2565671105,-463
06,AUSTIN COUNTY,SEALY ISD,3002,Independent Town,under 5000,55939,55765.2565671105,174
17,BAILEY COUNTY,MULESHOE ISD,1321,Non-metropolitan Stable,under 1600,49023,60000,-10977
20,BANDERA COUNTY,BANDERA ISD,2338,Non-metropolitan Stable,under 5000,58947,66696.4301886792,-7749
20,BANDERA COUNTY,MEDINA ISD,239,Rural,under 300,46396,66696.4301886792,-20300
13,BASTROP COUNTY,BASTROP ISD,13010,Other Central City,over 5000,60003,76188.0660224135,-16185
13,BASTROP COUNTY,ELGIN ISD,5715,Other Central City Suburban,over 5000,58044,76188.0660224135,-18144
13,BASTROP COUNTY,MCDADE ISD,360,Rural,under 1600,53807,76188.0660224135,-22381
13,BASTROP COUNTY,SMITHVILLE ISD,1834,Other Central City Suburban,under 5000,55865,76188.0660224135,-20323
09,BAYLOR COUNTY,SEYMOUR ISD,633,Rural,under 1600,49785,45000,4785
02,BEE COUNTY,BEEVILLE ISD,3101,Independent Town,under 5000,57487,75024.5777059774,-17538
02,BEE COUNTY,PAWNEE ISD,577,Non-metropolitan Fast Growing,under 1600,66605,75024.5777059774,-8420
02,BEE COUNTY,PETTUS ISD,394,Rural,under 1600,56416,75024.5777059774,-18609
02,BEE COUNTY,SKIDMORE-TYNAN ISD,794,Rural,under 1600,55094,75024.5777059774,-19931
12,BELL COUNTY,ACADEMY ISD,1814,Non-metropolitan Stable,under 5000,57969,53015.0020302902,4954
13,BELL COUNTY,BARTLETT ISD,439,Non-metropolitan Fast Growing,under 1600,52559,53015.0020302902,-456
12,BELL COUNTY,BELTON ISD,13808,Other Central City Suburban,over 5000,60208,53015.0020302902,7193
12,BELL COUNTY,HOLLAND ISD,638,Rural,under 1600,55663,53015.0020302902,2648
12,BELL COUNTY,KILLEEN ISD,43864,Other Central City,over 5000,66169,53015.0020302902,13154
12,BELL COUNTY,ROGERS ISD,875,Rural,under 1600,59709,53015.0020302902,6694
12,BELL COUNTY,SALADO ISD,2346,Other Central City Suburban,under 5000,58619,53015.0020302902,5604
12,BELL COUNTY,TEMPLE ISD,8784,Other Central City Suburban,over 5000,59017,53015.0020302902,6002
12,BELL COUNTY,TROY ISD,1706,Non-metropolitan Stable,under 5000,55122,53015.0020302902,2107
20,BEXAR COUNTY,ALAMO HEIGHTS ISD,4698,Major Suburban,under 5000,62578,61824.175190962,754
20,BEXAR COUNTY,EAST CENTRAL ISD,11176,Major Suburban,over 5000,63728,61824.175190962,1904
20,BEXAR COUNTY,EDGEWOOD ISD,8980,Major Suburban,over 5000,60786,61824.175190962,-1038
20,BEXAR COUNTY,FT SAM HOUSTON ISD,1611,Non-metropolitan Stable,under 5000,65868,61824.175190962,4044
20,BEXAR COUNTY,HARLANDALE ISD,11814,Major Suburban,over 5000,63050,61824.175190962,1226
20,BEXAR COUNTY,JUDSON ISD,23848,Major Suburban,over 5000,64898,61824.175190962,3074
20,BEXAR COUNTY,LACKLAND ISD,1035,Non-metropolitan Stable,under 1600,68248,61824.175190962,6424
20,BEXAR COUNTY,NORTH EAST ISD,57374,Major Urban,over 5000,61915,61824.175190962,91
20,BEXAR COUNTY,NORTHSIDE ISD,101329,Major Urban,over 5000,63927,61824.175190962,2103
20,BEXAR COUNTY,RANDOLPH FIELD ISD,1494,Other Central City Suburban,under 1600,68742,61824.175190962,6918
20,BEXAR COUNTY,SAN ANTONIO ISD,44670,Major Urban,over 5000,60945,61824.175190962,-879
20,BEXAR COUNTY,SOMERSET ISD,4252,Non-metropolitan Stable,under 5000,61907,61824.175190962,83
20,BEXAR COUNTY,SOUTH SAN ANTONIO ISD,7429,Major Suburban,over 5000,63878,61824.175190962,2054
20,BEXAR COUNTY,SOUTHSIDE ISD,6033,Major Suburban,over 5000,68464,61824.175190962,6640
20,BEXAR COUNTY,SOUTHWEST ISD,14202,Major Suburban,over 5000,63343,61824.175190962,1519
13,BLANCO COUNTY,BLANCO ISD,1105,Non-metropolitan Stable,under 1600,57850,52653.6678490809,5196
13,BLANCO COUNTY,JOHNSON CITY ISD,718,Rural,under 1600,59234,52653.6678490809,6580
17,BORDEN COUNTY,BORDEN COUNTY ISD,242,Rural,under 300,70895,64265.7534246575,6629
12,BOSQUE COUNTY,CLIFTON ISD,1025,Non-metropolitan Stable,under 1600,55957,50000,5957
12,BOSQUE COUNTY,CRANFILLS GAP ISD,128,Rural,under 300,50651,50000,651
12,BOSQUE COUNTY,IREDELL ISD,135,Rural,under 300,52779,50000,2779
12,BOSQUE COUNTY,KOPPERL ISD,177,Rural,under 300,59363,50000,9363
12,BOSQUE COUNTY,MERIDIAN ISD,344,Rural,under 1600,52416,50000,2416
12,BOSQUE COUNTY,MORGAN ISD,148,Rural,under 300,49144,50000,-856
12,BOSQUE COUNTY,VALLEY MILLS ISD,681,Rural,under 1600,50531,50000,531
12,BOSQUE COUNTY,WALNUT SPRINGS ISD,174,Rural,under 300,57143,50000,7143
08,BOWIE COUNTY,DEKALB ISD,901,Rural,under 1600,53858,50000,3858
08,BOWIE COUNTY,HOOKS ISD,890,Non-metropolitan Stable,under 1600,50514,50000,514
08,BOWIE COUNTY,HUBBARD ISD,497,Rural,under 1600,42527,50000,-7473
08,BOWIE COUNTY,LEARY ISD,120,Rural,under 300,44641,50000,-5359
08,BOWIE COUNTY,LIBERTY-EYLAU ISD,1985,Non-metropolitan Stable,under 5000,55880,50000,5880
08,BOWIE COUNTY,MALTA ISD,212,Rural,under 300,51469,50000,1469
08,BOWIE COUNTY,MAUD ISD,456,Rural,under 1600,57324,50000,7324
08,BOWIE COUNTY,NEW BOSTON ISD,1142,Non-metropolitan Stable,under 1600,57479,50000,7479
08,BOWIE COUNTY,PLEASANT GROVE ISD,2274,Non-metropolitan Stable,under 5000,53902,50000,3902
08,BOWIE COUNTY,RED LICK ISD,519,Rural,under 1600,53907,50000,3907
08,BOWIE COUNTY,REDWATER ISD,1109,Non-metropolitan Stable,under 1600,52956,50000,2956
08,BOWIE COUNTY,SIMMS ISD,505,Rural,under 1600,51183,50000,1183
08,BOWIE COUNTY,TEXARKANA ISD,7276,Independent Town,over 5000,53091,50000,3091
04,BRAZORIA COUNTY,ALVIN ISD,29740,Major Suburban,over 5000,69370,65242.7113180176,4127
04,BRAZORIA COUNTY,ANGLETON ISD,7068,Other Central City Suburban,over 5000,65306,65242.7113180176,63
04,BRAZORIA COUNTY,BRAZOSPORT ISD,11357,Other Central City Suburban,over 5000,63029,65242.7113180176,-2214
04,BRAZORIA COUNTY,COLUMBIA-BRAZORIA ISD,2954,Non-metropolitan Stable,under 5000,60955,65242.7113180176,-4288
04,BRAZORIA COUNTY,DAMON ISD,102,Rural,under 300,58344,65242.7113180176,-6899
04,BRAZORIA COUNTY,DANBURY ISD,661,Rural,under 1600,66705,65242.7113180176,1462
04,BRAZORIA COUNTY,PEARLAND ISD,21111,Major Suburban,over 5000,66084,65242.7113180176,841
04,BRAZORIA COUNTY,SWEENY ISD,1933,Non-metropolitan Stable,under 5000,63800,65242.7113180176,-1443
06,BRAZOS COUNTY,BRYAN ISD,15897,Other Central City,over 5000,55916,55084.3439888723,832
06,BRAZOS COUNTY,COLLEGE STATION ISD,14366,Other Central City,over 5000,56580,55084.3439888723,1496
18,BREWSTER COUNTY,ALPINE ISD,918,Non-metropolitan Stable,under 1600,48363,41128.7868093723,7234
18,BREWSTER COUNTY,MARATHON ISD,59,Rural,under 300,55657,41128.7868093723,14528
18,BREWSTER COUNTY,SAN VICENTE ISD,0,Rural,under 300,73642,41128.7868093723,32513
18,BREWSTER COUNTY,TERLINGUA CSD,132,Rural,under 300,49896,41128.7868093723,8767
16,BRISCOE COUNTY,SILVERTON ISD,223,Rural,under 300,53272,40000,13272
01,BROOKS COUNTY,BROOKS COUNTY ISD,1244,Other Central City Suburban,under 1600,56771,56412.4285714286,359
15,BROWN COUNTY,BANGS ISD,817,Rural,under 1600,45614,53046.5932396506,-7433
15,BROWN COUNTY,BLANKET ISD,140,Rural,under 300,52840,53046.5932396506,-207
15,BROWN COUNTY,BROOKESMITH ISD,173,Rural,under 300,49601,53046.5932396506,-3446
15,BROWN COUNTY,BROWNWOOD ISD,3441,Independent Town,under 5000,54580,53046.5932396506,1533
15,BROWN COUNTY,EARLY ISD,1109,Non-metropolitan Stable,under 1600,53103,53046.5932396506,56
15,BROWN COUNTY,MAY ISD,266,Rural,under 300,51253,53046.5932396506,-1794
15,BROWN COUNTY,ZEPHYR ISD,217,Rural,under 300,51473,53046.5932396506,-1574
06,BURLESON COUNTY,CALDWELL ISD,1965,Other Central City Suburban,under 5000,56690,50000,6690
06,BURLESON COUNTY,SNOOK ISD,606,Rural,under 1600,55928,50000,5928
06,BURLESON COUNTY,SOMERVILLE ISD,536,Rural,under 1600,55632,50000,5632
13,BURNET COUNTY,BURNET CISD,3285,Other Central City Suburban,under 5000,56436,60000,-3564
13,BURNET COUNTY,MARBLE FALLS ISD,4048,Independent Town,under 5000,57077,60000,-2923
13,CALDWELL COUNTY,LOCKHART ISD,6604,Other Central City Suburban,over 5000,57974,60000,-2026
13,CALDWELL COUNTY,LULING ISD,1426,Non-metropolitan Stable,under 1600,58080,60000,-1920
13,CALDWELL COUNTY,PRAIRIE LEA ISD,265,Rural,under 300,49981,60000,-10019
03,CALHOUN COUNTY,CALHOUN COUNTY ISD,3533,Non-metropolitan Stable,under 5000,58478,50000,8478
14,CALLAHAN COUNTY,BAIRD ISD,358,Rural,under 1600,51662,61631.9143112169,-9970
14,CALLAHAN COUNTY,CLYDE CISD,1408,Other Central City Suburban,under 1600,51469,61631.9143112169,-10163
14,CALLAHAN COUNTY,CROSS PLAINS ISD,364,Rural,under 1600,50692,61631.9143112169,-10940
14,CALLAHAN COUNTY,EULA ISD,473,Rural,under 1600,50090,61631.9143112169,-11542
01,CAMERON COUNTY,BROWNSVILLE ISD,37065,Other Central City,over 5000,63507,58353.6444648691,5153
01,CAMERON COUNTY,HARLINGEN CISD,16780,Other Central City Suburban,over 5000,59939,58353.6444648691,1585
01,CAMERON COUNTY,LA FERIA ISD,2882,Non-metropolitan Stable,under 5000,56945,58353.6444648691,-1409
01,CAMERON COUNTY,LOS FRESNOS CISD,10546,Other Central City Suburban,over 5000,62313,58353.6444648691,3959
01,CAMERON COUNTY,POINT ISABEL ISD,1857,Other Central City Suburban,under 5000,59146,58353.6444648691,792
01,CAMERON COUNTY,RIO HONDO ISD,1494,Non-metropolitan Stable,under 1600,57636,58353.6444648691,-718
01,CAMERON COUNTY,SAN BENITO CISD,9126,Other Central City Suburban,over 5000,59244,58353.6444648691,890
01,CAMERON COUNTY,SANTA MARIA ISD,540,Rural,under 1600,51115,58353.6444648691,-7239
01,CAMERON COUNTY,SANTA ROSA ISD,931,Non-metropolitan Stable,under 1600,55075,58353.6444648691,-3279
01,CAMERON COUNTY,SOUTH TEXAS ISD,4531,Non-metropolitan Stable,under 5000,67062,58353.6444648691,8708
08,CAMP COUNTY,PITTSBURG ISD,2285,Non-metropolitan Stable,under 5000,51131,50000,1131
16,CARSON COUNTY,GROOM ISD,135,Rural,under 300,55961,50000,5961
16,CARSON COUNTY,PANHANDLE ISD,625,Rural,under 1600,53127,50000,3127
16,CARSON COUNTY,WHITE DEER ISD,314,Rural,under 1600,59163,50000,9163
08,CASS COUNTY,ATLANTA ISD,1926,Independent Town,under 5000,50621,52431.2437442076,-1810
08,CASS COUNTY,AVINGER ISD,117,Rural,under 300,53637,52431.2437442076,1206
08,CASS COUNTY,BLOOMBURG ISD,243,Rural,under 300,50581,52431.2437442076,-1850
08,CASS COUNTY,HUGHES SPRINGS ISD,1117,Non-metropolitan Stable,under 1600,55095,52431.2437442076,2664
08,CASS COUNTY,LINDEN-KILDARE CISD,654,Rural,under 1600,47586,52431.2437442076,-4845
08,CASS COUNTY,MCLEOD ISD,428,Rural,under 1600,53909,52431.2437442076,1478
08,CASS COUNTY,QUEEN CITY ISD,926,Non-metropolitan Stable,under 1600,51612,52431.2437442076,-819
16,CASTRO COUNTY,DIMMITT ISD,1088,Other Central City Suburban,under 1600,49381,60000,-10619
16,CASTRO COUNTY,HART ISD,212,Rural,under 300,51357,60000,-8643
16,CASTRO COUNTY,NAZARETH ISD,247,Rural,under 300,52427,60000,-7573
04,CHAMBERS COUNTY,ANAHUAC ISD,1547,Non-metropolitan Stable,under 1600,63041,71743.1475042064,-8702
04,CHAMBERS COUNTY,BARBERS HILL ISD,7723,Other Central City Suburban,over 5000,79614,71743.1475042064,7871
05,CHAMBERS COUNTY,EAST CHAMBERS ISD,1563,Non-metropolitan Stable,under 1600,59672,71743.1475042064,-12071
07,CHEROKEE COUNTY,ALTO ISD,504,Rural,under 1600,62777,58527.5430099072,4249
07,CHEROKEE COUNTY,JACKSONVILLE ISD,4834,Independent Town,under 5000,55145,58527.5430099072,-3383
07,CHEROKEE COUNTY,NEW SUMMERFIELD ISD,511,Rural,under 1600,60056,58527.5430099072,1528
07,CHEROKEE COUNTY,RUSK ISD,2057,Non-metropolitan Stable,under 5000,58369,58527.5430099072,-159
07,CHEROKEE COUNTY,WELLS ISD,242,Rural,under 300,53983,58527.5430099072,-4545
16,CHILDRESS COUNTY,CHILDRESS ISD,976,Non-metropolitan Stable,under 1600,50502,50000,502
09,CLAY COUNTY,BELLEVUE ISD,181,Rural,under 300,57016,53445.4588235294,3571
09,CLAY COUNTY,HENRIETTA ISD,954,Other Central City Suburban,under 1600,52005,53445.4588235294,-1440
09,CLAY COUNTY,MIDWAY ISD,8986,Rural,over 5000,55565,53445.4588235294,2120
09,CLAY COUNTY,PETROLIA CISD,476,Rural,under 1600,53046,53445.4588235294,-399
17,COCHRAN COUNTY,MORTON ISD,354,Rural,under 1600,54531,45000,9531
17,COCHRAN COUNTY,WHITEFACE CISD,325,Rural,under 1600,53339,45000,8339
15,COKE COUNTY,BRONTE ISD,224,Rural,under 300,49603,48208.5983889528,1394
15,COKE COUNTY,ROBERT LEE ISD,263,Rural,under 300,52765,48208.5983889528,4556
15,COLEMAN COUNTY,COLEMAN ISD,794,Rural,under 1600,51398,50000,1398
15,COLEMAN COUNTY,PANTHER CREEK CISD,161,Rural,under 300,61416,50000,11416
15,COLEMAN COUNTY,SANTA ANNA ISD,253,Rural,under 300,53841,50000,3841
10,COLLIN COUNTY,ALLEN ISD,21370,Other Central City Suburban,over 5000,65533,73382.3164199047,-7849
10,COLLIN COUNTY,ANNA ISD,5470,Non-metropolitan Fast Growing,over 5000,70020,73382.3164199047,-3362
10,COLLIN COUNTY,BLUE RIDGE ISD,1030,Non-metropolitan Fast Growing,under 1600,61397,73382.3164199047,-11985
10,COLLIN COUNTY,CELINA ISD,4577,Non-metropolitan Fast Growing,under 5000,61075,73382.3164199047,-12307
10,COLLIN COUNTY,COMMUNITY ISD,4628,Other Central City Suburban,under 5000,69558,73382.3164199047,-3824
10,COLLIN COUNTY,FARMERSVILLE ISD,2236,Non-metropolitan Fast Growing,under 5000,69209,73382.3164199047,-4173
10,COLLIN COUNTY,FRISCO ISD,66698,Other Central City,over 5000,65161,73382.3164199047,-8221
10,COLLIN COUNTY,LOVEJOY ISD,4092,Non-metropolitan Stable,under 5000,59701,73382.3164199047,-13681
10,COLLIN COUNTY,MCKINNEY ISD,23306,Other Central City Suburban,over 5000,65946,73382.3164199047,-7436
10,COLLIN COUNTY,MELISSA ISD,6735,Non-metropolitan Fast Growing,over 5000,62759,73382.3164199047,-10623
10,COLLIN COUNTY,PLANO ISD,47899,Major Suburban,over 5000,64307,73382.3164199047,-9075
10,COLLIN COUNTY,PRINCETON ISD,8688,Non-metropolitan Fast Growing,over 5000,65465,73382.3164199047,-7917
10,COLLIN COUNTY,PROSPER ISD,28467,Other Central City Suburban,over 5000,64290,73382.3164199047,-9092
10,COLLIN COUNTY,WYLIE ISD,24738,Other Central City Suburban,over 5000,65546,73382.3164199047,-7836
16,COLLINGSWORTH COUNTY,WELLINGTON ISD,544,Rural,under 1600,52236,60000,-7764
04,COLORADO COUNTY,COLUMBUS ISD,1636,Non-metropolitan Stable,under 5000,58459,50000,8459
03,COLORADO COUNTY,RICE CISD,1315,Non-metropolitan Stable,under 1600,55796,50000,5796
03,COLORADO COUNTY,WEIMAR ISD,722,Rural,under 1600,53796,50000,3796
20,COMAL COUNTY,COMAL ISD,29263,Major Suburban,over 5000,59525,60000,-475
20,COMAL COUNTY,NEW BRAUNFELS ISD,9779,Other Central City Suburban,over 5000,60448,60000,448
14,COMANCHE COUNTY,COMANCHE ISD,1364,Non-metropolitan Stable,under 1600,54640,50000,4640
14,COMANCHE COUNTY,DE LEON ISD,664,Rural,under 1600,55609,50000,5609
14,COMANCHE COUNTY,GUSTINE ISD,129,Rural,under 300,49502,50000,-498
14,COMANCHE COUNTY,SIDNEY ISD,152,Rural,under 300,47036,50000,-2964
15,CONCHO COUNTY,EDEN CISD,221,Rural,under 300,54068,50000,4068
15,CONCHO COUNTY,PAINT ROCK ISD,231,Rural,under 300,50839,50000,839
11,COOKE COUNTY,CALLISBURG ISD,1191,Non-metropolitan Stable,under 1600,58942,50000,8942
11,COOKE COUNTY,ERA ISD,509,Rural,under 1600,56931,50000,6931
11,COOKE COUNTY,GAINESVILLE ISD,3088,Independent Town,under 5000,57714,50000,7714
11,COOKE COUNTY,LINDSAY ISD,484,Rural,under 1600,55413,50000,5413
11,COOKE COUNTY,MUENSTER ISD,565,Rural,under 1600,56380,50000,6380
11,COOKE COUNTY,SIVELLS BEND ISD,74,Rural,under 300,55409,50000,5409
11,COOKE COUNTY,VALLEY VIEW ISD,4445,Non-metropolitan Stable,under 5000,56041,50000,6041
11,COOKE COUNTY,WALNUT BEND ISD,64,Rural,under 300,56322,50000,6322
12,CORYELL COUNTY,COPPERAS COVE ISD,7959,Other Central City Suburban,over 5000,61420,45000,16420
12,CORYELL COUNTY,EVANT ISD,204,Rural,under 300,48506,45000,3506
12,CORYELL COUNTY,GATESVILLE ISD,2695,Other Central City Suburban,under 5000,52674,45000,7674
12,CORYELL COUNTY,JONESBORO ISD,319,Rural,under 1600,48547,45000,3547
12,CORYELL COUNTY,OGLESBY ISD,204,Rural,under 300,50486,45000,5486
17,COTTLE COUNTY,PADUCAH ISD,161,Rural,under 300,53000,45000,8000
15,CRANE COUNTY,CRANE ISD,1211,Other Central City Suburban,under 1600,69097,50000,19097
15,CROCKETT COUNTY,CROCKETT COUNTY CONSOLIDATED CSD,651,Rural,under 1600,54219,40000,14219
17,CROSBY COUNTY,CROSBYTON CISD,319,Rural,under 1600,49409,50000,-591
17,CROSBY COUNTY,LORENZO ISD,215,Rural,under 300,50197,50000,197
17,CROSBY COUNTY,RALLS ISD,441,Rural,under 1600,50894,50000,894
18,CULBERSON COUNTY,CULBERSON COUNTY-ALLAMOORE ISD,393,Rural,under 1600,56146,60000,-3854
16,DALLAM COUNTY,DALHART ISD,1788,Non-metropolitan Stable,under 5000,49590,50000,-410
16,DALLAM COUNTY,TEXLINE ISD,217,Rural,under 300,50012,50000,12
10,DALLAS COUNTY,CARROLLTON-FARMERS BRANCH ISD,24386,Major Suburban,over 5000,63945,60000,3945
10,DALLAS COUNTY,CEDAR HILL ISD,6336,Major Suburban,over 5000,60580,60000,580
10,DALLAS COUNTY,COPPELL ISD,13414,Major Suburban,over 5000,67373,60000,7373
10,DALLAS COUNTY,DALLAS ISD,139246,Major Urban,over 5000,68704,60000,8704
10,DALLAS COUNTY,DESOTO ISD,5995,Major Suburban,over 5000,60187,60000,187
10,DALLAS COUNTY,DUNCANVILLE ISD,11761,Major Suburban,over 5000,60517,60000,517
10,DALLAS COUNTY,GARLAND ISD,51659,Major Suburban,over 5000,66462,60000,6462
10,DALLAS COUNTY,GRAND PRAIRIE ISD,26638,Major Suburban,over 5000,65003,60000,5003
10,DALLAS COUNTY,HIGHLAND PARK ISD,7225,Major Suburban,over 5000,64147,60000,4147
10,DALLAS COUNTY,IRVING ISD,31485,Major Suburban,over 5000,66387,60000,6387
10,DALLAS COUNTY,LANCASTER ISD,7014,Major Suburban,over 5000,61203,60000,1203
10,DALLAS COUNTY,MESQUITE ISD,38265,Major Suburban,over 5000,67423,60000,7423
10,DALLAS COUNTY,RICHARDSON ISD,37085,Major Suburban,over 5000,65020,60000,5020
10,DALLAS COUNTY,SUNNYVALE ISD,2317,Other Central City Suburban,under 5000,63999,60000,3999
17,DAWSON COUNTY,DAWSON ISD,713,Rural,under 1600,48557,50000,-1443
17,DAWSON COUNTY,KLONDIKE ISD,253,Rural,under 300,53353,50000,3353
17,DAWSON COUNTY,LAMESA ISD,1520,Non-metropolitan Stable,under 1600,48949,50000,-1051
17,DAWSON COUNTY,SANDS CISD,246,Rural,under 300,57573,50000,7573
16,DEAF SMITH COUNTY,HEREFORD ISD,3950,Other Central City Suburban,under 5000,54215,60000,-5785
16,DEAF SMITH COUNTY,WALCOTT ISD,144,Rural,under 300,53399,60000,-6601
08,DELTA COUNTY,COOPER ISD,878,Rural,under 1600,55906,50000,5906
08,DELTA COUNTY,FANNINDEL ISD,139,Rural,under 300,46123,50000,-3877
11,DENTON COUNTY,ARGYLE ISD,5414,Other Central City Suburban,over 5000,64452,67909.9524401006,-3458
11,DENTON COUNTY,AUBREY ISD,4000,Non-metropolitan Fast Growing,under 5000,61868,67909.9524401006,-6042
11,DENTON COUNTY,DENTON ISD,32866,Other Central City Suburban,over 5000,63469,67909.9524401006,-4441
11,DENTON COUNTY,KRUM ISD,2483,Non-metropolitan Stable,under 5000,56937,67909.9524401006,-10973
11,DENTON COUNTY,LAKE DALLAS ISD,3811,Other Central City Suburban,under 5000,64183,67909.9524401006,-3727
11,DENTON COUNTY,LEWISVILLE ISD,48440,Other Central City,over 5000,65255,67909.9524401006,-2655
11,DENTON COUNTY,LITTLE ELM ISD,8211,Other Central City Suburban,over 5000,63818,67909.9524401006,-4092
11,DENTON COUNTY,NORTHWEST ISD,30736,Other Central City Suburban,over 5000,64609,67909.9524401006,-3301
11,DENTON COUNTY,PILOT POINT ISD,1551,Non-metropolitan Stable,under 1600,56937,67909.9524401006,-10973
11,DENTON COUNTY,PONDER ISD,1677,Non-metropolitan Stable,under 5000,57043,67909.9524401006,-10867
11,DENTON COUNTY,SANGER ISD,2810,Non-metropolitan Stable,under 5000,59947,67909.9524401006,-7963
03,DEWITT COUNTY,CUERO ISD,1905,Non-metropolitan Stable,under 5000,55238,50000,5238
03,DEWITT COUNTY,MEYERSVILLE ISD,155,Rural,under 300,57466,50000,7466
03,DEWITT COUNTY,NORDHEIM ISD,126,Rural,under 300,52119,50000,2119
03,DEWITT COUNTY,WESTHOFF ISD,88,Rural,under 300,72434,50000,22434
03,DEWITT COUNTY,YOAKUM ISD,1498,Non-metropolitan Stable,under 1600,52408,50000,2408
03,DEWITT COUNTY,YORKTOWN ISD,541,Rural,under 1600,58308,50000,8308
17,DICKENS COUNTY,PATTON SPRINGS ISD,76,Rural,under 300,54417,50000,4417
17,DICKENS COUNTY,SPUR ISD,205,Rural,under 300,49717,50000,-283
20,DIMMIT COUNTY,CARRIZO SPRINGS CISD,1915,Other Central City Suburban,under 5000,54162,45000,9162
16,DONLEY COUNTY,CLARENDON ISD,417,Rural,under 1600,50025,50000,25
16,DONLEY COUNTY,HEDLEY ISD,101,Rural,under 300,49556,50000,-444
02,DUVAL COUNTY,BENAVIDES ISD,445,Rural,under 1600,39612,70077.1196319018,-30465
02,DUVAL COUNTY,FREER ISD,706,Rural,under 1600,59667,70077.1196319018,-10410
02,DUVAL COUNTY,RAMIREZ CSD,22,Rural,under 300,53956,70077.1196319018,-16121
02,DUVAL COUNTY,SAN DIEGO ISD,1513,Non-metropolitan Stable,under 1600,58075,70077.1196319018,-12002
14,EASTLAND COUNTY,CISCO ISD,825,Rural,under 1600,52607,50000,2607
14,EASTLAND COUNTY,EASTLAND ISD,1067,Non-metropolitan Stable,under 1600,52898,50000,2898
14,EASTLAND COUNTY,GORMAN ISD,247,Rural,under 300,52480,50000,2480
14,EASTLAND COUNTY,RANGER ISD,295,Rural,under 300,49105,50000,-895
14,EASTLAND COUNTY,RISING STAR ISD,194,Rural,under 300,48104,50000,-1896
18,ECTOR COUNTY,ECTOR COUNTY ISD,33426,Other Central City,over 5000,63135,50000,13135
15,EDWARDS COUNTY,NUECES CANYON CISD,239,Rural,under 300,54886,50000,4886
15,EDWARDS COUNTY,ROCKSPRINGS ISD,211,Rural,under 300,52030,50000,2030
19,EL PASO COUNTY,ANTHONY ISD,752,Rural,under 1600,64991,59409.950314215,5581
19,EL PASO COUNTY,CANUTILLO ISD,5904,Major Suburban,over 5000,64381,59409.950314215,4971
19,EL PASO COUNTY,CLINT ISD,10260,Major Suburban,over 5000,63075,59409.950314215,3665
19,EL PASO COUNTY,EL PASO ISD,49139,Major Urban,over 5000,59622,59409.950314215,212
19,EL PASO COUNTY,FABENS ISD,1908,Non-metropolitan Stable,under 5000,62630,59409.950314215,3220
19,EL PASO COUNTY,SAN ELIZARIO ISD,3009,Major Suburban,under 5000,73946,59409.950314215,14536
19,EL PASO COUNTY,SOCORRO ISD,47304,Major Urban,over 5000,85893,59409.950314215,26483
19,EL PASO COUNTY,TORNILLO ISD,762,Rural,under 1600,63656,59409.950314215,4246
19,EL PASO COUNTY,YSLETA ISD,34918,Major Urban,over 5000,64540,59409.950314215,5130
10,ELLIS COUNTY,AVALON ISD,349,Rural,under 1600,54656,72050.8145687259,-17395
10,ELLIS COUNTY,ENNIS ISD,6466,Other Central City Suburban,over 5000,60337,72050.8145687259,-11714
10,ELLIS COUNTY,FERRIS ISD,2877,Other Central City Suburban,under 5000,60673,72050.8145687259,-11378
10,ELLIS COUNTY,ITALY ISD,628,Rural,under 1600,61733,72050.8145687259,-10318
10,ELLIS COUNTY,MAYPEARL ISD,1224,Other Central City Suburban,under 1600,55992,72050.8145687259,-16059
10,ELLIS COUNTY,MIDLOTHIAN ISD,11103,Other Central City,over 5000,62410,72050.8145687259,-9641
10,ELLIS COUNTY,MILFORD ISD,261,Rural,under 300,60902,72050.8145687259,-11149
10,ELLIS COUNTY,PALMER ISD,1338,Other Central City Suburban,under 1600,62289,72050.8145687259,-9762
10,ELLIS COUNTY,RED OAK ISD,6592,Other Central City Suburban,over 5000,62580,72050.8145687259,-9471
10,ELLIS COUNTY,WAXAHACHIE ISD,11052,Other Central City,over 5000,62931,72050.8145687259,-9120
11,ERATH COUNTY,BLUFF DALE ISD,221,Rural,under 300,47876,56064.4094384609,-8188
11,ERATH COUNTY,DUBLIN ISD,1146,Non-metropolitan Stable,under 1600,48701,56064.4094384609,-7363
11,ERATH COUNTY,HUCKABAY ISD,330,Non-metropolitan Fast Growing,under 1600,56559,56064.4094384609,495
11,ERATH COUNTY,LINGLEVILLE ISD,274,Rural,under 300,54529,56064.4094384609,-1535
11,ERATH COUNTY,MORGAN MILL ISD,122,Rural,under 300,52297,56064.4094384609,-3767
11,ERATH COUNTY,STEPHENVILLE ISD,3678,Independent Town,under 5000,54788,56064.4094384609,-1276
11,ERATH COUNTY,THREE WAY ISD,205,Rural,under 300,56519,56064.4094384609,455
12,FALLS COUNTY,CHILTON ISD,572,Rural,under 1600,47578,50000,-2422
12,FALLS COUNTY,MARLIN ISD,903,Non-metropolitan Stable,under 1600,58779,50000,8779
12,FALLS COUNTY,ROSEBUD-LOTT ISD,756,Rural,under 1600,55502,50000,5502
12,FALLS COUNTY,WESTPHALIA ISD,156,Rural,under 300,55779,50000,5779
10,FANNIN COUNTY,BONHAM ISD,1974,Independent Town,under 5000,53456,61779.6105587933,-8324
10,FANNIN COUNTY,DODD CITY ISD,320,Rural,under 1600,58088,61779.6105587933,-3692
10,FANNIN COUNTY,ECTOR ISD,252,Rural,under 300,55477,61779.6105587933,-6303
08,FANNIN COUNTY,HONEY GROVE ISD,618,Rural,under 1600,57494,61779.6105587933,-4286
10,FANNIN COUNTY,LEONARD ISD,814,Rural,under 1600,58909,61779.6105587933,-2871
10,FANNIN COUNTY,SAM RAYBURN ISD,484,Rural,under 1600,57434,61779.6105587933,-4346
10,FANNIN COUNTY,SAVOY ISD,302,Rural,under 1600,50278,61779.6105587933,-11502
10,FANNIN COUNTY,TRENTON ISD,700,Non-metropolitan Fast Growing,under 1600,57628,61779.6105587933,-4152
13,FAYETTE COUNTY,FAYETTEVILLE ISD,290,Rural,under 300,50701,50000,701
13,FAYETTE COUNTY,FLATONIA ISD,659,Rural,under 1600,56120,50000,6120
13,FAYETTE COUNTY,LA GRANGE ISD,1926,Independent Town,under 5000,52703,50000,2703
13,FAYETTE COUNTY,ROUND TOP-CARMINE ISD,240,Rural,under 300,52693,50000,2693
13,FAYETTE COUNTY,SCHULENBURG ISD,663,Rural,under 1600,55001,50000,5001
14,FISHER COUNTY,ROBY CISD,307,Rural,under 1600,54339,45000,9339
14,FISHER COUNTY,ROTAN ISD,271,Rural,under 300,52214,45000,7214
17,FLOYD COUNTY,FLOYDADA COLLEGIATE ISD,681,Rural,under 1600,45032,50000,-4968
17,FLOYD COUNTY,LOCKNEY ISD,404,Rural,under 1600,61144,50000,11144
09,FOARD COUNTY,CROWELL ISD,196,Rural,under 300,51176,45000,6176
04,FORT BEND COUNTY,FORT BEND ISD,80206,Major Suburban,over 5000,65481,75000,-9519
04,FORT BEND COUNTY,LAMAR CISD,44512,Other Central City Suburban,over 5000,70376,75000,-4624
04,FORT BEND COUNTY,NEEDVILLE ISD,3598,Non-metropolitan Stable,under 5000,67357,75000,-7643
04,FORT BEND COUNTY,STAFFORD MSD,3479,Non-metropolitan Stable,under 5000,64640,75000,-10360
08,FRANKLIN COUNTY,MOUNT VERNON ISD,1563,Non-metropolitan Stable,under 1600,61797,50000,11797
12,FREESTONE COUNTY,DEW ISD,181,Rural,under 300,63883,50000,13883
12,FREESTONE COUNTY,FAIRFIELD ISD,1670,Non-metropolitan Stable,under 5000,56298,50000,6298
12,FREESTONE COUNTY,TEAGUE ISD,1251,Non-metropolitan Stable,under 1600,52563,50000,2563
12,FREESTONE COUNTY,WORTHAM ISD,537,Rural,under 1600,51791,50000,1791
20,FRIO COUNTY,DILLEY ISD,868,Non-metropolitan Stable,under 1600,50341,50000,341
20,FRIO COUNTY,PEARSALL ISD,2023,Non-metropolitan Stable,under 5000,56651,50000,6651
17,GAINES COUNTY,LOOP ISD,143,Rural,under 300,53321,60000,-6679
17,GAINES COUNTY,SEAGRAVES ISD,512,Rural,under 1600,57505,60000,-2495
17,GAINES COUNTY,SEMINOLE ISD,2986,Non-metropolitan Stable,under 5000,62025,60000,2025
04,GALVESTON COUNTY,CLEAR CREEK ISD,40132,Other Central City,over 5000,67182,60000,7182
04,GALVESTON COUNTY,DICKINSON ISD,12592,Other Central City Suburban,over 5000,63970,60000,3970
04,GALVESTON COUNTY,FRIENDSWOOD ISD,6210,Other Central City Suburban,over 5000,63917,60000,3917
04,GALVESTON COUNTY,GALVESTON ISD,6446,Other Central City Suburban,over 5000,60949,60000,949
05,GALVESTON COUNTY,HIGH ISLAND ISD,159,Rural,under 300,61223,60000,1223
04,GALVESTON COUNTY,HITCHCOCK ISD,1899,Non-metropolitan Stable,under 5000,64594,60000,4594
04,GALVESTON COUNTY,SANTA FE ISD,4397,Other Central City Suburban,under 5000,64493,60000,4493
04,GALVESTON COUNTY,TEXAS CITY ISD,7874,Other Central City Suburban,over 5000,64167,60000,4167
17,GARZA COUNTY,POST ISD,705,Rural,under 1600,48460,50000,-1540
17,GARZA COUNTY,SOUTHLAND ISD,127,Rural,under 300,44832,50000,-5168
13,GILLESPIE COUNTY,DOSS CONSOLIDATED CSD,0,Rural,under 300,50387,50000,387
13,GILLESPIE COUNTY,FREDERICKSBURG ISD,3005,Independent Town,under 5000,60017,50000,10017
15,GILLESPIE COUNTY,HARPER ISD,612,Rural,under 1600,57788,50000,7788
18,GLASSCOCK COUNTY,GLASSCOCK COUNTY ISD,292,Rural,under 300,65791,50000,15791
03,GOLIAD COUNTY,GOLIAD ISD,1280,Non-metropolitan Stable,under 1600,54640,60000,-5360
13,GONZALES COUNTY,GONZALES ISD,2541,Non-metropolitan Stable,under 5000,55846,50000,5846
13,GONZALES COUNTY,NIXON-SMILEY CISD,1011,Non-metropolitan Stable,under 1600,58410,50000,8410
13,GONZALES COUNTY,WAELDER ISD,297,Rural,under 300,49457,50000,-543
16,GRAY COUNTY,GRANDVIEW-HOPKINS ISD,50,Rural,under 300,57617,50000,7617
16,GRAY COUNTY,LEFORS ISD,188,Rural,under 300,54072,50000,4072
16,GRAY COUNTY,MCLEAN ISD,189,Rural,under 300,59804,50000,9804
16,GRAY COUNTY,PAMPA ISD,3326,Non-metropolitan Stable,under 5000,54832,50000,4832
10,GRAYSON COUNTY,BELLS ISD,986,Other Central City Suburban,under 1600,58202,59319.0931291169,-1117
10,GRAYSON COUNTY,COLLINSVILLE ISD,574,Rural,under 1600,56592,59319.0931291169,-2727
10,GRAYSON COUNTY,DENISON ISD,4940,Other Central City Suburban,under 5000,57755,59319.0931291169,-1564
10,GRAYSON COUNTY,GUNTER ISD,1140,Other Central City Suburban,under 1600,61169,59319.0931291169,1850
10,GRAYSON COUNTY,HOWE ISD,1282,Other Central City Suburban,under 1600,60173,59319.0931291169,854
10,GRAYSON COUNTY,POTTSBORO ISD,1441,Other Central City Suburban,under 1600,61007,59319.0931291169,1688
10,GRAYSON COUNTY,S AND S CISD,955,Other Central City Suburban,under 1600,59482,59319.0931291169,163
10,GRAYSON COUNTY,SHERMAN ISD,7843,Other Central City,over 5000,60527,59319.0931291169,1208
10,GRAYSON COUNTY,TIOGA ISD,688,Rural,under 1600,59590,59319.0931291169,271
10,GRAYSON COUNTY,TOM BEAN ISD,654,Rural,under 1600,56294,59319.0931291169,-3025
10,GRAYSON COUNTY,VAN ALSTYNE ISD,2419,Other Central City Suburban,under 5000,56913,59319.0931291169,-2406
10,GRAYSON COUNTY,WHITESBORO ISD,1773,Other Central City Suburban,under 5000,57346,59319.0931291169,-1973
10,GRAYSON COUNTY,WHITEWRIGHT ISD,794,Rural,under 1600,55805,59319.0931291169,-3514
07,GREGG COUNTY,GLADEWATER ISD,1708,Other Central City Suburban,under 5000,55270,50000,5270
07,GREGG COUNTY,KILGORE ISD,3725,Other Central City Suburban,under 5000,55596,50000,5596
07,GREGG COUNTY,LONGVIEW ISD,8104,Other Central City,over 5000,57593,50000,7593
07,GREGG COUNTY,PINE TREE ISD,4434,Other Central City Suburban,under 5000,54364,50000,4364
07,GREGG COUNTY,SABINE ISD,1580,Other Central City Suburban,under 1600,51847,50000,1847
07,GREGG COUNTY,SPRING HILL ISD,1987,Other Central City Suburban,under 5000,52628,50000,2628
07,GREGG COUNTY,WHITE OAK ISD,1415,Other Central City Suburban,under 1600,55226,50000,5226
06,GRIMES COUNTY,ANDERSON-SHIRO CISD,966,Other Central City Suburban,under 1600,59122,62110.4852634713,-2988
06,GRIMES COUNTY,IOLA ISD,610,Rural,under 1600,56881,62110.4852634713,-5229
06,GRIMES COUNTY,NAVASOTA ISD,3030,Other Central City Suburban,under 5000,60982,62110.4852634713,-1128
06,GRIMES COUNTY,RICHARDS ISD,235,Rural,under 300,57102,62110.4852634713,-5008
20,GUADALUPE COUNTY,MARION ISD,1570,Other Central City Suburban,under 1600,56884,60000,-3116
20,GUADALUPE COUNTY,NAVARRO ISD,2438,Non-metropolitan Stable,under 5000,59178,60000,-822
20,GUADALUPE COUNTY,SCHERTZ-CIBOLO-U CITY ISD,15146,Other Central City,over 5000,62703,60000,2703
20,GUADALUPE COUNTY,SEGUIN ISD,7314,Other Central City Suburban,over 5000,63062,60000,3062
17,HALE COUNTY,ABERNATHY ISD,812,Rural,under 1600,51978,61625.7092836888,-9648
17,HALE COUNTY,COTTON CENTER ISD,105,Rural,under 300,47648,61625.7092836888,-13978
17,HALE COUNTY,HALE CENTER ISD,586,Rural,under 1600,51157,61625.7092836888,-10469
17,HALE COUNTY,PETERSBURG ISD,274,Rural,under 300,52853,61625.7092836888,-8773
17,HALE COUNTY,PLAINVIEW ISD,4277,Independent Town,under 5000,55574,61625.7092836888,-6052
16,HALL COUNTY,MEMPHIS ISD,400,Rural,under 1600,57864,50000,7864
16,HALL COUNTY,TURKEY-QUITAQUE ISD,191,Rural,under 300,48317,50000,-1683
12,HAMILTON COUNTY,HAMILTON ISD,855,Rural,under 1600,56674,50000,6674
12,HAMILTON COUNTY,HICO ISD,643,Rural,under 1600,56934,50000,6934
16,HANSFORD COUNTY,GRUVER ISD,433,Rural,under 1600,51618,60000,-8382
16,HANSFORD COUNTY,PRINGLE-MORSE CISD,119,Rural,under 300,48702,60000,-11298
16,HANSFORD COUNTY,SPEARMAN ISD,724,Rural,under 1600,50209,60000,-9791
09,HARDEMAN COUNTY,CHILLICOTHE ISD,196,Rural,under 300,51382,50000,1382
09,HARDEMAN COUNTY,QUANAH ISD,469,Rural,under 1600,48664,50000,-1336
05,HARDIN COUNTY,HARDIN-JEFFERSON ISD,2754,Other Central City Suburban,under 5000,55775,50000,5775
05,HARDIN COUNTY,KOUNTZE ISD,1143,Non-metropolitan Stable,under 1600,53451,50000,3451
05,HARDIN COUNTY,LUMBERTON ISD,4197,Other Central City Suburban,under 5000,52407,50000,2407
05,HARDIN COUNTY,SILSBEE ISD,2654,Non-metropolitan Stable,under 5000,53390,50000,3390
05,HARDIN COUNTY,WEST HARDIN COUNTY CISD,541,Rural,under 1600,63168,50000,13168
04,HARRIS COUNTY,ALDINE ISD,57844,Major Suburban,over 5000,65585,64763.1881318349,822
04,HARRIS COUNTY,ALIEF ISD,39474,Major Suburban,over 5000,65242,64763.1881318349,479
04,HARRIS COUNTY,CHANNELVIEW ISD,9434,Major Suburban,over 5000,69657,64763.1881318349,4894
04,HARRIS COUNTY,CROSBY ISD,6868,Major Suburban,over 5000,70970,64763.1881318349,6207
04,HARRIS COUNTY,CYPRESS-FAIRBANKS ISD,118470,Major Suburban,over 5000,66873,64763.1881318349,2110
04,HARRIS COUNTY,DEER PARK ISD,12122,Major Suburban,over 5000,69209,64763.1881318349,4446
04,HARRIS COUNTY,GALENA PARK ISD,21105,Major Suburban,over 5000,67460,64763.1881318349,2697
04,HARRIS COUNTY,GOOSE CREEK CISD,24108,Major Suburban,over 5000,64781,64763.1881318349,18
04,HARRIS COUNTY,HOUSTON ISD,184109,Major Urban,over 5000,67074,64763.1881318349,2311
04,HARRIS COUNTY,HUFFMAN ISD,3679,Other Central City Suburban,under 5000,63498,64763.1881318349,-1265
04,HARRIS COUNTY,HUMBLE ISD,48552,Major Suburban,over 5000,67674,64763.1881318349,2911
04,HARRIS COUNTY,KATY ISD,94785,Major Suburban,over 5000,66897,64763.1881318349,2134
04,HARRIS COUNTY,KLEIN ISD,53093,Major Suburban,over 5000,67038,64763.1881318349,2275
04,HARRIS COUNTY,LA PORTE ISD,7115,Major Suburban,over 5000,67880,64763.1881318349,3117
04,HARRIS COUNTY,PASADENA ISD,47486,Major Suburban,over 5000,67171,64763.1881318349,2408
04,HARRIS COUNTY,SHELDON ISD,11028,Major Suburban,over 5000,67099,64763.1881318349,2336
04,HARRIS COUNTY,SPRING BRANCH ISD,33407,Major Suburban,over 5000,67562,64763.1881318349,2799
04,HARRIS COUNTY,SPRING ISD,33935,Major Suburban,over 5000,66075,64763.1881318349,1312
04,HARRIS COUNTY,TOMBALL ISD,22273,Major Suburban,over 5000,67815,64763.1881318349,3052
07,HARRISON COUNTY,ELYSIAN FIELDS ISD,797,Rural,under 1600,52447,50000,2447
07,HARRISON COUNTY,HALLSVILLE ISD,21299,Other Central City Suburban,over 5000,54249,50000,4249
07,HARRISON COUNTY,HARLETON ISD,723,Rural,under 1600,55062,50000,5062
07,HARRISON COUNTY,KARNACK ISD,125,Rural,under 300,51745,50000,1745
07,HARRISON COUNTY,MARSHALL ISD,4965,Non-metropolitan Stable,under 5000,53767,50000,3767
07,HARRISON COUNTY,WASKOM ISD,817,Rural,under 1600,50690,50000,690
16,HARTLEY COUNTY,CHANNING ISD,128,Rural,under 300,55264,50000,5264
16,HARTLEY COUNTY,HARTLEY ISD,243,Rural,under 300,44243,50000,-5757
14,HASKELL COUNTY,HASKELL CISD,534,Rural,under 1600,56773,50000,6773
14,HASKELL COUNTY,PAINT CREEK ISD,104,Rural,under 300,51395,50000,1395
14,HASKELL COUNTY,RULE ISD,130,Rural,under 300,46687,50000,-3313
13,HAYS COUNTY,DRIPPING SPRINGS ISD,8538,Major Suburban,over 5000,60069,60000,69
13,HAYS COUNTY,HAYS CISD,23313,Major Suburban,over 5000,64120,60000,4120
13,HAYS COUNTY,SAN MARCOS CISD,8311,Other Central City Suburban,over 5000,58460,60000,-1540
13,HAYS COUNTY,WIMBERLEY ISD,2700,Non-metropolitan Stable,under 5000,60444,60000,444
16,HEMPHILL COUNTY,CANADIAN ISD,795,Rural,under 1600,58378,50000,8378
10,HENDERSON COUNTY,ATHENS ISD,3008,Independent Town,under 5000,62795,58171.3558547611,4624
07,HENDERSON COUNTY,BROWNSBORO ISD,2592,Other Central City Suburban,under 5000,53266,58171.3558547611,-4905
07,HENDERSON COUNTY,CROSS ROADS ISD,562,Rural,under 1600,49846,58171.3558547611,-8325
07,HENDERSON COUNTY,EUSTACE ISD,1711,Non-metropolitan Stable,under 5000,62449,58171.3558547611,4278
07,HENDERSON COUNTY,LAPOYNOR ISD,493,Rural,under 1600,49074,58171.3558547611,-9097
07,HENDERSON COUNTY,MALAKOFF ISD,1441,Non-metropolitan Stable,under 1600,60010,58171.3558547611,1839
07,HENDERSON COUNTY,MURCHISON ISD,170,Rural,under 300,51641,58171.3558547611,-6530
07,HENDERSON COUNTY,TRINIDAD ISD,156,Rural,under 300,49219,58171.3558547611,-8952
01,HIDALGO COUNTY,DONNA ISD,13131,Other Central City Suburban,over 5000,61564,50000,11564
01,HIDALGO COUNTY,EDCOUCH-ELSA ISD,4398,Other Central City Suburban,under 5000,56170,50000,6170
01,HIDALGO COUNTY,EDINBURG CISD,33810,Other Central City,over 5000,65649,50000,15649
01,HIDALGO COUNTY,HIDALGO ISD,3019,Other Central City Suburban,under 5000,55874,50000,5874
01,HIDALGO COUNTY,LA JOYA ISD,23998,Other Central City,over 5000,61647,50000,11647
01,HIDALGO COUNTY,LA VILLA ISD,538,Rural,under 1600,57062,50000,7062
01,HIDALGO COUNTY,MCALLEN ISD,20095,Other Central City Suburban,over 5000,59532,50000,9532
01,HIDALGO COUNTY,MERCEDES ISD,4393,Non-metropolitan Stable,under 5000,57722,50000,7722
01,HIDALGO COUNTY,MISSION CISD,14068,Other Central City Suburban,over 5000,65213,50000,15213
01,HIDALGO COUNTY,MONTE ALTO ISD,820,Rural,under 1600,54159,50000,4159
01,HIDALGO COUNTY,PHARR-SAN JUAN-ALAMO ISD,30008,Other Central City,over 5000,63479,50000,13479
01,HIDALGO COUNTY,PROGRESO ISD,1405,Non-metropolitan Stable,under 1600,54099,50000,4099
01,HIDALGO COUNTY,SHARYLAND ISD,9742,Other Central City Suburban,over 5000,59163,50000,9163
01,HIDALGO COUNTY,VALLEY VIEW ISD,4445,Other Central City Suburban,under 5000,60050,50000,10050
01,HIDALGO COUNTY,WESLACO ISD,16430,Other Central City Suburban,over 5000,65349,50000,15349
12,HILL COUNTY,ABBOTT ISD,284,Rural,under 300,54927,60606.4259173247,-5679
12,HILL COUNTY,AQUILLA ISD,321,Rural,under 1600,50501,60606.4259173247,-10105
12,HILL COUNTY,BLUM ISD,331,Rural,under 1600,54572,60606.4259173247,-6034
12,HILL COUNTY,BYNUM ISD,184,Rural,under 300,49299,60606.4259173247,-11307
12,HILL COUNTY,COVINGTON ISD,334,Rural,under 1600,61513,60606.4259173247,907
12,HILL COUNTY,HILLSBORO ISD,1929,Independent Town,under 5000,55636,60606.4259173247,-4970
12,HILL COUNTY,HUBBARD ISD,497,Rural,under 1600,54449,60606.4259173247,-6157
12,HILL COUNTY,ITASCA ISD,656,Rural,under 1600,51072,60606.4259173247,-9534
12,HILL COUNTY,MALONE ISD,91,Rural,under 300,57477,60606.4259173247,-3129
12,HILL COUNTY,MOUNT CALM ISD,159,Rural,under 300,63451,60606.4259173247,2845
12,HILL COUNTY,PENELOPE ISD,212,Rural,under 300,51704,60606.4259173247,-8902
12,HILL COUNTY,WHITNEY ISD,1475,Independent Town,under 1600,54299,60606.4259173247,-6307
17,HOCKLEY COUNTY,ANTON ISD,170,Rural,under 300,45116,56945.0486111111,-11829
17,HOCKLEY COUNTY,LEVELLAND ISD,2617,Non-metropolitan Stable,under 5000,52673,56945.0486111111,-4272
17,HOCKLEY COUNTY,ROPES ISD,576,Non-metropolitan Fast Growing,under 1600,51381,56945.0486111111,-5564
17,HOCKLEY COUNTY,SMYER ISD,434,Rural,under 1600,51757,56945.0486111111,-5188
17,HOCKLEY COUNTY,SUNDOWN ISD,551,Rural,under 1600,55082,56945.0486111111,-1863
17,HOCKLEY COUNTY,WHITHARRAL ISD,213,Rural,under 300,52820,56945.0486111111,-4125
11,HOOD COUNTY,GRANBURY ISD,7933,Other Central City Suburban,over 5000,66272,60000,6272
11,HOOD COUNTY,LIPAN ISD,447,Rural,under 1600,59167,60000,-833
11,HOOD COUNTY,TOLAR ISD,908,Rural,under 1600,54662,60000,-5338
08,HOPKINS COUNTY,COMO-PICKTON CISD,756,Rural,under 1600,57536,50000,7536
08,HOPKINS COUNTY,CUMBY COLLEGIATE ISD,450,Rural,under 1600,56255,50000,6255
08,HOPKINS COUNTY,MILLER GROVE ISD,323,Rural,under 1600,57659,50000,7659
08,HOPKINS COUNTY,NORTH HOPKINS ISD,505,Rural,under 1600,53243,50000,3243
08,HOPKINS COUNTY,SALTILLO ISD,253,Rural,under 300,55686,50000,5686
08,HOPKINS COUNTY,SULPHUR BLUFF ISD,228,Rural,under 300,50630,50000,630
08,HOPKINS COUNTY,SULPHUR SPRINGS ISD,4364,Independent Town,under 5000,54216,50000,4216
06,HOUSTON COUNTY,CROCKETT ISD,1183,Non-metropolitan Stable,under 1600,62413,50000,12413
06,HOUSTON COUNTY,GRAPELAND ISD,598,Non-metropolitan Fast Growing,under 1600,55608,50000,5608
06,HOUSTON COUNTY,KENNARD ISD,267,Rural,under 300,51979,50000,1979
06,HOUSTON COUNTY,LATEXO ISD,497,Rural,under 1600,52791,50000,2791
06,HOUSTON COUNTY,LOVELADY ISD,536,Rural,under 1600,55219,50000,5219
18,HOWARD COUNTY,BIG SPRING ISD,3451,Independent Town,under 5000,50330,61179.2610441767,-10849
18,HOWARD COUNTY,COAHOMA ISD,1096,Non-metropolitan Stable,under 1600,56190,61179.2610441767,-4989
18,HOWARD COUNTY,FORSAN ISD,751,Rural,under 1600,57699,61179.2610441767,-3480
19,HUDSPETH COUNTY,DELL CITY ISD,72,Rural,under 300,58982,60000,-1018
19,HUDSPETH COUNTY,FT HANCOCK ISD,388,Rural,under 1600,58824,60000,-1176
19,HUDSPETH COUNTY,SIERRA BLANCA ISD,99,Rural,under 300,61281,60000,1281
10,HUNT COUNTY,BLAND ISD,794,Rural,under 1600,55236,70919.1348697468,-15683
10,HUNT COUNTY,BOLES ISD,552,Rural,under 1600,69316,70919.1348697468,-1603
10,HUNT COUNTY,CADDO MILLS ISD,2836,Other Central City Suburban,under 5000,61569,70919.1348697468,-9350
10,HUNT COUNTY,CAMPBELL ISD,287,Rural,under 300,54845,70919.1348697468,-16074
10,HUNT COUNTY,CELESTE ISD,524,Rural,under 1600,56978,70919.1348697468,-13941
10,HUNT COUNTY,COMMERCE ISD,1559,Other Central City Suburban,under 1600,59927,70919.1348697468,-10992
10,HUNT COUNTY,GREENVILLE ISD,5418,Other Central City,over 5000,55601,70919.1348697468,-15318
10,HUNT COUNTY,LONE OAK ISD,1146,Other Central City Suburban,under 1600,60713,70919.1348697468,-10206
10,HUNT COUNTY,QUINLAN ISD,2889,Other Central City Suburban,under 5000,70758,70919.1348697468,-161
10,HUNT COUNTY,WOLFE CITY ISD,720,Rural,under 1600,53031,70919.1348697468,-17888
16,HUTCHINSON COUNTY,BORGER ISD,2372,Non-metropolitan Stable,under 5000,53912,65765.8659217877,-11854
16,HUTCHINSON COUNTY,PLEMONS-STINNETT-PHILLIPS CISD,564,Rural,under 1600,53163,65765.8659217877,-12603
16,HUTCHINSON COUNTY,SANFORD-FRITCH ISD,721,Rural,under 1600,51796,65765.8659217877,-13970
16,HUTCHINSON COUNTY,SPRING CREEK ISD,83,Rural,under 300,58540,65765.8659217877,-7226
15,IRION COUNTY,IRION COUNTY ISD,337,Non-metropolitan Fast Growing,under 1600,54320,45000,9320
09,JACK COUNTY,BRYSON ISD,251,Rural,under 300,56970,57724.106324473,-754
09,JACK COUNTY,JACKSBORO ISD,1082,Non-metropolitan Stable,under 1600,60143,57724.106324473,2419
09,JACK COUNTY,PERRIN-WHITT CISD,322,Rural,under 1600,63001,57724.106324473,5277
03,JACKSON COUNTY,EDNA ISD,1576,Non-metropolitan Stable,under 1600,48915,50000,-1085
03,JACKSON COUNTY,GANADO ISD,696,Rural,under 1600,54549,50000,4549
03,JACKSON COUNTY,INDUSTRIAL ISD,1170,Non-metropolitan Stable,under 1600,55604,50000,5604
05,JASPER COUNTY,BROOKELAND ISD,371,Rural,under 1600,53518,55871.6017255451,-2354
05,JASPER COUNTY,BUNA ISD,1460,Non-metropolitan Stable,under 1600,56079,55871.6017255451,207
05,JASPER COUNTY,EVADALE ISD,384,Rural,under 1600,51536,55871.6017255451,-4336
05,JASPER COUNTY,JASPER ISD,2194,Independent Town,under 5000,56214,55871.6017255451,342
05,JASPER COUNTY,KIRBYVILLE CISD,1458,Non-metropolitan Stable,under 1600,56827,55871.6017255451,955
18,JEFF DAVIS COUNTY,FT DAVIS ISD,263,Rural,under 300,53683,45000,8683
18,JEFF DAVIS COUNTY,VALENTINE ISD,24,Rural,under 300,63243,45000,18243
05,JEFFERSON COUNTY,BEAUMONT ISD,16803,Other Central City,over 5000,52912,55380.3387107865,-2468
05,JEFFERSON COUNTY,HAMSHIRE-FANNETT ISD,2048,Other Central City Suburban,under 5000,46998,55380.3387107865,-8382
05,JEFFERSON COUNTY,NEDERLAND ISD,5279,Other Central City Suburban,over 5000,61663,55380.3387107865,6283
05,JEFFERSON COUNTY,PORT ARTHUR ISD,8155,Other Central City Suburban,over 5000,55858,55380.3387107865,478
05,JEFFERSON COUNTY,PORT NECHES-GROVES ISD,5364,Other Central City Suburban,over 5000,60319,55380.3387107865,4939
05,JEFFERSON COUNTY,SABINE PASS ISD,358,Rural,under 1600,56096,55380.3387107865,716
01,JIM HOGG COUNTY,JIM HOGG COUNTY ISD,1000,Non-metropolitan Stable,under 1600,61669,60000,1669
02,JIM WELLS COUNTY,ALICE ISD,4486,Independent Town,under 5000,59576,59911.7516648765,-336
02,JIM WELLS COUNTY,BEN BOLT-PALITO BLANCO ISD,455,Rural,under 1600,91766,59911.7516648765,31854
02,JIM WELLS COUNTY,LA GLORIA ISD,114,Rural,under 300,57086,59911.7516648765,-2826
02,JIM WELLS COUNTY,ORANGE GROVE ISD,1707,Non-metropolitan Stable,under 5000,55501,59911.7516648765,-4411
02,JIM WELLS COUNTY,PREMONT ISD,782,Non-metropolitan Fast Growing,under 1600,63366,59911.7516648765,3454
11,JOHNSON COUNTY,ALVARADO ISD,3782,Other Central City Suburban,under 5000,63517,69812.8820244743,-6296
11,JOHNSON COUNTY,BURLESON ISD,12718,Other Central City,over 5000,63952,69812.8820244743,-5861
11,JOHNSON COUNTY,CLEBURNE ISD,7082,Other Central City Suburban,over 5000,68523,69812.8820244743,-1290
11,JOHNSON COUNTY,GODLEY ISD,3002,Major Suburban,under 5000,59565,69812.8820244743,-10248
11,JOHNSON COUNTY,GRANDVIEW ISD,1428,Non-metropolitan Stable,under 1600,59896,69812.8820244743,-9917
11,JOHNSON COUNTY,JOSHUA ISD,6020,Other Central City Suburban,over 5000,65766,69812.8820244743,-4047
11,JOHNSON COUNTY,KEENE ISD,1097,Non-metropolitan Stable,under 1600,57989,69812.8820244743,-11824
11,JOHNSON COUNTY,RIO VISTA ISD,967,Non-metropolitan Fast Growing,under 1600,58072,69812.8820244743,-11741
11,JOHNSON COUNTY,VENUS ISD,2308,Other Central City Suburban,under 5000,60864,69812.8820244743,-8949
14,JONES COUNTY,ANSON ISD,733,Rural,under 1600,53407,50850.44,2557
14,JONES COUNTY,HAMLIN COLLEGIATE ISD,399,Rural,under 1600,49098,50850.44,-1752
14,JONES COUNTY,HAWLEY ISD,834,Rural,under 1600,50127,50850.44,-723
14,JONES COUNTY,LUEDERS-AVOCA ISD,104,Rural,under 300,46384,50850.44,-4466
14,JONES COUNTY,STAMFORD ISD,583,Rural,under 1600,53161,50850.44,2311
20,KARNES COUNTY,FALLS CITY ISD,436,Non-metropolitan Fast Growing,under 1600,59753,60000,-247
20,KARNES COUNTY,KARNES CITY ISD,1031,Non-metropolitan Fast Growing,under 1600,61901,60000,1901
03,KARNES COUNTY,KENEDY ISD,770,Rural,under 1600,58026,60000,-1974
03,KARNES COUNTY,RUNGE ISD,196,Rural,under 300,47469,60000,-12531
10,KAUFMAN COUNTY,CRANDALL ISD,6443,Major Suburban,over 5000,58582,75000,-16418
10,KAUFMAN COUNTY,FORNEY ISD,17002,Major Suburban,over 5000,61038,75000,-13962
10,KAUFMAN COUNTY,KAUFMAN ISD,4378,Other Central City Suburban,under 5000,60690,75000,-14310
10,KAUFMAN COUNTY,KEMP ISD,1967,Non-metropolitan Stable,under 5000,59421,75000,-15579
10,KAUFMAN COUNTY,MABANK ISD,4066,Other Central City Suburban,under 5000,56232,75000,-18768
10,KAUFMAN COUNTY,SCURRY-ROSSER ISD,1046,Non-metropolitan Stable,under 1600,54420,75000,-20580
10,KAUFMAN COUNTY,TERRELL ISD,5255,Other Central City Suburban,over 5000,67138,75000,-7862
20,KENDALL COUNTY,BOERNE ISD,10910,Major Suburban,over 5000,59514,68308.0679603277,-8794
20,KENDALL COUNTY,COMFORT ISD,1090,Non-metropolitan Stable,under 1600,58454,68308.0679603277,-9854
02,KENEDY COUNTY,KENEDY COUNTY WIDE CSD,130,Rural,under 300,64808,60000,4808
17,KENT COUNTY,JAYTON-GIRARD ISD,177,Rural,under 300,61180,60000,1180
20,KERR COUNTY,CENTER POINT ISD,534,Rural,under 1600,58317,50000,8317
15,KERR COUNTY,DIVIDE ISD,35,Rural,under 300,53478,50000,3478
20,KERR COUNTY,HUNT ISD,200,Rural,under 300,63796,50000,13796
20,KERR COUNTY,INGRAM ISD,1300,Non-metropolitan Stable,under 1600,58647,50000,8647
20,KERR COUNTY,KERRVILLE ISD,4689,Independent Town,under 5000,58942,50000,8942
15,KIMBLE COUNTY,JUNCTION ISD,589,Rural,under 1600,50294,50000,294
17,KING COUNTY,GUTHRIE CSD,98,Rural,under 300,65328,50000,15328
20,KINNEY COUNTY,BRACKETT ISD,532,Rural,under 1600,52162,60899.1276252019,-8737
02,KLEBERG COUNTY,KINGSVILLE ISD,2603,Independent Town,under 5000,57312,50000,7312
02,KLEBERG COUNTY,RICARDO ISD,657,Rural,under 1600,64390,50000,14390
02,KLEBERG COUNTY,RIVIERA ISD,477,Rural,under 1600,56217,50000,6217
02,KLEBERG COUNTY,SANTA GERTRUDIS ISD,809,Rural,under 1600,60995,50000,10995
09,KNOX COUNTY,BENJAMIN ISD,104,Rural,under 300,58592,54982.1664766249,3610
09,KNOX COUNTY,KNOX CITY-O'BRIEN CISD,200,Rural,under 300,52471,54982.1664766249,-2511
09,KNOX COUNTY,MUNDAY CISD,411,Rural,under 1600,56534,54982.1664766249,1552
20,LA SALLE COUNTY,COTULLA ISD,1143,Non-metropolitan Stable,under 1600,49049,45000,4049
08,LAMAR COUNTY,CHISUM ISD,1195,Non-metropolitan Stable,under 1600,54491,50000,4491
08,LAMAR COUNTY,NORTH LAMAR ISD,2372,Non-metropolitan Stable,under 5000,51202,50000,1202
08,LAMAR COUNTY,PARIS ISD,3868,Independent Town,under 5000,52061,50000,2061
08,LAMAR COUNTY,PRAIRILAND ISD,1119,Non-metropolitan Stable,under 1600,51295,50000,1295
17,LAMB COUNTY,AMHERST ISD,114,Rural,under 300,45016,57620.3327391563,-12604
17,LAMB COUNTY,LITTLEFIELD ISD,1198,Non-metropolitan Stable,under 1600,48664,57620.3327391563,-8956
17,LAMB COUNTY,OLTON ISD,619,Rural,under 1600,48577,57620.3327391563,-9043
17,LAMB COUNTY,SPRINGLAKE-EARTH ISD,265,Rural,under 300,52387,57620.3327391563,-5233
17,LAMB COUNTY,SUDAN ISD,466,Rural,under 1600,60097,57620.3327391563,2477
12,LAMPASAS COUNTY,LAMPASAS ISD,3560,Other Central City Suburban,under 5000,57754,50000,7754
12,LAMPASAS COUNTY,LOMETA ISD,320,Rural,under 1600,56028,50000,6028
03,LAVACA COUNTY,EZZELL ISD,130,Rural,under 300,55843,50000,5843
03,LAVACA COUNTY,HALLETTSVILLE ISD,1168,Non-metropolitan Stable,under 1600,57051,50000,7051
03,LAVACA COUNTY,MOULTON ISD,293,Rural,under 300,58435,50000,8435
03,LAVACA COUNTY,SHINER ISD,717,Rural,under 1600,60552,50000,10552
03,LAVACA COUNTY,SWEET HOME ISD,148,Rural,under 300,49654,50000,-346
03,LAVACA COUNTY,VYSEHRAD ISD,88,Rural,under 300,56223,50000,6223
13,LEE COUNTY,DIME BOX ISD,150,Rural,under 300,54999,60000,-5001
13,LEE COUNTY,GIDDINGS ISD,1893,Other Central City Suburban,under 5000,55034,60000,-4966
13,LEE COUNTY,LEXINGTON ISD,1066,Other Central City Suburban,under 1600,55093,60000,-4907
06,LEON COUNTY,BUFFALO ISD,1027,Non-metropolitan Stable,under 1600,55180,52781.9753205904,2398
06,LEON COUNTY,CENTERVILLE ISD,823,Rural,under 1600,59314,52781.9753205904,6532
06,LEON COUNTY,LEON ISD,751,Rural,under 1600,65937,52781.9753205904,13155
06,LEON COUNTY,NORMANGEE ISD,649,Rural,under 1600,58475,52781.9753205904,5693
06,LEON COUNTY,OAKWOOD ISD,221,Rural,under 300,53188,52781.9753205904,406
04,LIBERTY COUNTY,CLEVELAND ISD,11970,Other Central City,over 5000,62353,60000,2353
04,LIBERTY COUNTY,DAYTON ISD,5787,Other Central City Suburban,over 5000,60470,60000,470
04,LIBERTY COUNTY,DEVERS ISD,185,Rural,under 300,81745,60000,21745
05,LIBERTY COUNTY,HARDIN ISD,1239,Non-metropolitan Stable,under 1600,58968,60000,-1032
05,LIBERTY COUNTY,HULL-DAISETTA ISD,416,Rural,under 1600,57264,60000,-2736
05,LIBERTY COUNTY,LIBERTY ISD,2424,Other Central City Suburban,under 5000,60958,60000,958
04,LIBERTY COUNTY,TARKINGTON ISD,1928,Other Central City Suburban,under 5000,62257,60000,2257
12,LIMESTONE COUNTY,COOLIDGE ISD,295,Rural,under 300,58230,50000,8230
12,LIMESTONE COUNTY,GROESBECK ISD,1543,Non-metropolitan Stable,under 1600,55188,50000,5188
12,LIMESTONE COUNTY,MEXIA ISD,1832,Non-metropolitan Stable,under 5000,56944,50000,6944
16,LIPSCOMB COUNTY,BOOKER ISD,332,Rural,under 1600,50200,56657.3609756098,-6457
16,LIPSCOMB COUNTY,DARROUZETT ISD,104,Rural,under 300,44846,56657.3609756098,-11811
16,LIPSCOMB COUNTY,FOLLETT ISD,173,Rural,under 300,45337,56657.3609756098,-11320
02,LIVE OAK COUNTY,GEORGE WEST ISD,1059,Non-metropolitan Stable,under 1600,59516,50000,9516
02,LIVE OAK COUNTY,THREE RIVERS ISD,590,Rural,under 1600,60146,50000,10146
13,LLANO COUNTY,LLANO ISD,1942,Non-metropolitan Stable,under 5000,58093,50000,8093
17,LUBBOCK COUNTY,FRENSHIP ISD,11581,Other Central City Suburban,over 5000,54777,50000,4777
17,LUBBOCK COUNTY,IDALOU ISD,976,Other Central City Suburban,under 1600,51084,50000,1084
17,LUBBOCK COUNTY,LUBBOCK ISD,24329,Other Central City,over 5000,52287,50000,2287
17,LUBBOCK COUNTY,LUBBOCK-COOPER ISD,7855,Other Central City Suburban,over 5000,52991,50000,2991
17,LUBBOCK COUNTY,NEW DEAL ISD,765,Rural,under 1600,50668,50000,668
17,LUBBOCK COUNTY,ROOSEVELT ISD,1122,Other Central City Suburban,under 1600,49842,50000,-158
17,LUBBOCK COUNTY,SHALLOWATER ISD,1739,Other Central City Suburban,under 5000,52136,50000,2136
17,LUBBOCK COUNTY,SLATON ISD,1247,Other Central City Suburban,under 1600,57464,50000,7464
17,LYNN COUNTY,NEW HOME ISD,671,Non-metropolitan Fast Growing,under 1600,50391,50000,391
17,LYNN COUNTY,O'DONNELL ISD,271,Rural,under 300,51746,50000,1746
17,LYNN COUNTY,TAHOKA ISD,579,Rural,under 1600,54718,50000,4718
17,LYNN COUNTY,WILSON ISD,137,Rural,under 300,47891,50000,-2109
06,MADISON COUNTY,MADISONVILLE CISD,2392,Non-metropolitan Stable,under 5000,62969,60000,2969
06,MADISON COUNTY,NORTH ZULCH ISD,358,Rural,under 1600,58448,60000,-1552
08,MARION COUNTY,JEFFERSON ISD,1106,Non-metropolitan Stable,under 1600,54581,50000,4581
18,MARTIN COUNTY,GRADY ISD,250,Rural,under 300,79496,50000,29496
18,MARTIN COUNTY,STANTON ISD,1040,Other Central City Suburban,under 1600,59231,50000,9231
15,MASON COUNTY,MASON ISD,705,Rural,under 1600,54391,50000,4391
03,MATAGORDA COUNTY,BAY CITY ISD,3514,Independent Town,under 5000,58572,55599.7931788804,2972
03,MATAGORDA COUNTY,MATAGORDA ISD,113,Rural,under 300,53405,55599.7931788804,-2195
03,MATAGORDA COUNTY,PALACIOS ISD,1266,Non-metropolitan Stable,under 1600,58306,55599.7931788804,2706
03,MATAGORDA COUNTY,TIDEHAVEN ISD,1029,Non-metropolitan Stable,under 1600,64276,55599.7931788804,8676
03,MATAGORDA COUNTY,VAN VLECK ISD,1051,Non-metropolitan Stable,under 1600,70160,55599.7931788804,14560
20,MAVERICK COUNTY,EAGLE PASS ISD,13869,Other Central City Suburban,over 5000,64459,45000,19459
15,MCCULLOCH COUNTY,BRADY ISD,971,Non-metropolitan Stable,under 1600,52690,53547.3889980354,-857
15,MCCULLOCH COUNTY,LOHN ISD,109,Rural,under 300,58862,53547.3889980354,5315
15,MCCULLOCH COUNTY,ROCHELLE ISD,161,Rural,under 300,53301,53547.3889980354,-246
12,MCLENNAN COUNTY,AXTELL ISD,845,Rural,under 1600,55123,57823.13807708,-2700
12,MCLENNAN COUNTY,BOSQUEVILLE ISD,723,Rural,under 1600,56309,57823.13807708,-1514
12,MCLENNAN COUNTY,BRUCEVILLE-EDDY ISD,586,Rural,under 1600,51685,57823.13807708,-6138
12,MCLENNAN COUNTY,CHINA SPRING ISD,3037,Other Central City Suburban,under 5000,57124,57823.13807708,-699
12,MCLENNAN COUNTY,CONNALLY ISD,2289,Other Central City Suburban,under 5000,55998,57823.13807708,-1825
12,MCLENNAN COUNTY,CRAWFORD ISD,599,Rural,under 1600,55990,57823.13807708,-1833
12,MCLENNAN COUNTY,GHOLSON ISD,270,Rural,under 300,51602,57823.13807708,-6221
12,MCLENNAN COUNTY,HALLSBURG ISD,145,Rural,under 300,57453,57823.13807708,-370
12,MCLENNAN COUNTY,LA VEGA ISD,3120,Other Central City Suburban,under 5000,58049,57823.13807708,226
12,MCLENNAN COUNTY,LORENA ISD,1858,Non-metropolitan Stable,under 5000,56045,57823.13807708,-1778
12,MCLENNAN COUNTY,MART ISD,606,Rural,under 1600,56871,57823.13807708,-952
12,MCLENNAN COUNTY,MCGREGOR ISD,1532,Non-metropolitan Stable,under 1600,55124,57823.13807708,-2699
12,MCLENNAN COUNTY,MIDWAY ISD,8986,Other Central City Suburban,over 5000,55354,57823.13807708,-2469
12,MCLENNAN COUNTY,MOODY ISD,727,Rural,under 1600,54602,57823.13807708,-3221
12,MCLENNAN COUNTY,RIESEL ISD,652,Rural,under 1600,52434,57823.13807708,-5389
12,MCLENNAN COUNTY,ROBINSON ISD,2413,Other Central City Suburban,under 5000,56291,57823.13807708,-1532
12,MCLENNAN COUNTY,WACO ISD,13517,Other Central City,over 5000,58514,57823.13807708,691
12,MCLENNAN COUNTY,WEST ISD,1250,Non-metropolitan Stable,under 1600,57277,57823.13807708,-546
02,MCMULLEN COUNTY,MCMULLEN COUNTY ISD,271,Rural,under 300,62667,75000,-12333
20,MEDINA COUNTY,D'HANIS ISD,278,Rural,under 300,61357,50000,11357
20,MEDINA COUNTY,DEVINE ISD,1984,Non-metropolitan Stable,under 5000,56363,50000,6363
20,MEDINA COUNTY,HONDO ISD,1753,Non-metropolitan Stable,under 5000,54677,50000,4677
20,MEDINA COUNTY,MEDINA VALLEY ISD,8700,Major Suburban,over 5000,64709,50000,14709
20,MEDINA COUNTY,NATALIA ISD,1268,Non-metropolitan Stable,under 1600,56352,50000,6352
15,MENARD COUNTY,MENARD ISD,287,Rural,under 300,52151,45000,7151
18,MIDLAND COUNTY,GREENWOOD ISD,3257,Other Central City Suburban,under 5000,62922,60000,2922
18,MIDLAND COUNTY,MIDLAND ISD,28752,Other Central City,over 5000,66007,60000,6007
12,MILAM COUNTY,BUCKHOLTS ISD,116,Rural,under 300,62142,53544.808159592,8597
06,MILAM COUNTY,CAMERON ISD,1517,Independent Town,under 1600,59341,53544.808159592,5796
06,MILAM COUNTY,GAUSE ISD,142,Rural,under 300,56871,53544.808159592,3326
06,MILAM COUNTY,MILANO ISD,411,Rural,under 1600,54821,53544.808159592,1276
06,MILAM COUNTY,ROCKDALE ISD,1516,Independent Town,under 1600,57208,53544.808159592,3663
13,MILAM COUNTY,THORNDALE ISD,598,Rural,under 1600,58650,53544.808159592,5105
12,MILLS COUNTY,GOLDTHWAITE ISD,533,Rural,under 1600,53576,50000,3576
12,MILLS COUNTY,MULLIN ISD,211,Rural,under 300,60925,50000,10925
12,MILLS COUNTY,PRIDDY ISD,118,Rural,under 300,53122,50000,3122
14,MITCHELL COUNTY,COLORADO ISD,947,Non-metropolitan Stable,under 1600,52804,60000,-7196
14,MITCHELL COUNTY,LORAINE ISD,133,Rural,under 300,49113,60000,-10887
14,MITCHELL COUNTY,WESTBROOK ISD,245,Rural,under 300,57610,60000,-2390
09,MONTAGUE COUNTY,BOWIE ISD,1567,Non-metropolitan Stable,under 1600,57905,57024.1234756098,881
09,MONTAGUE COUNTY,FORESTBURG ISD,184,Rural,under 300,50268,57024.1234756098,-6756
09,MONTAGUE COUNTY,GOLD BURG ISD,155,Rural,under 300,52563,57024.1234756098,-4461
09,MONTAGUE COUNTY,MONTAGUE ISD,158,Rural,under 300,61269,57024.1234756098,4245
09,MONTAGUE COUNTY,NOCONA ISD,752,Rural,under 1600,57866,57024.1234756098,842
09,MONTAGUE COUNTY,PRAIRIE VALLEY ISD,127,Rural,under 300,64395,57024.1234756098,7371
09,MONTAGUE COUNTY,SAINT JO ISD,346,Non-metropolitan Fast Growing,under 1600,52185,57024.1234756098,-4839
06,MONTGOMERY COUNTY,CONROE ISD,72352,Other Central City,over 5000,63624,60000,3624
06,MONTGOMERY COUNTY,MAGNOLIA ISD,14468,Other Central City Suburban,over 5000,60338,60000,338
06,MONTGOMERY COUNTY,MONTGOMERY ISD,9794,Other Central City Suburban,over 5000,63442,60000,3442
06,MONTGOMERY COUNTY,NEW CANEY ISD,18987,Other Central City Suburban,over 5000,65602,60000,5602
06,MONTGOMERY COUNTY,SPLENDORA ISD,5221,Other Central City Suburban,over 5000,65095,60000,5095
06,MONTGOMERY COUNTY,WILLIS ISD,8974,Other Central City Suburban,over 5000,60376,60000,376
16,MOORE COUNTY,DUMAS ISD,4301,Non-metropolitan Stable,under 5000,53867,50000,3867
16,MOORE COUNTY,SUNRAY COLLEGIATE ISD,636,Non-metropolitan Fast Growing,under 1600,45113,50000,-4887
08,MORRIS COUNTY,DAINGERFIELD-LONE STAR ISD,1022,Non-metropolitan Stable,under 1600,50792,45000,5792
08,MORRIS COUNTY,PEWITT CISD,842,Rural,under 1600,51342,45000,6342
17,MOTLEY COUNTY,MOTLEY COUNTY ISD,160,Rural,under 300,53798,50000,3798
07,NACOGDOCHES COUNTY,CENTRAL HEIGHTS ISD,1079,Non-metropolitan Stable,under 1600,54322,50000,4322
07,NACOGDOCHES COUNTY,CHIRENO ISD,351,Rural,under 1600,55349,50000,5349
07,NACOGDOCHES COUNTY,CUSHING ISD,551,Rural,under 1600,58412,50000,8412
07,NACOGDOCHES COUNTY,DOUGLASS ISD,426,Rural,under 1600,52264,50000,2264
07,NACOGDOCHES COUNTY,GARRISON ISD,771,Rural,under 1600,54012,50000,4012
07,NACOGDOCHES COUNTY,MARTINSVILLE ISD,317,Rural,under 1600,53099,50000,3099
07,NACOGDOCHES COUNTY,NACOGDOCHES ISD,5863,Independent Town,over 5000,54210,50000,4210
07,NACOGDOCHES COUNTY,WODEN ISD,856,Rural,under 1600,54762,50000,4762
12,NAVARRO COUNTY,BLOOMING GROVE ISD,956,Non-metropolitan Stable,under 1600,52819,63938.5179776173,-11120
12,NAVARRO COUNTY,CORSICANA ISD,6075,Independent Town,over 5000,60391,63938.5179776173,-3548
12,NAVARRO COUNTY,DAWSON ISD,713,Rural,under 1600,55075,63938.5179776173,-8864
12,NAVARRO COUNTY,FROST ISD,473,Rural,under 1600,58005,63938.5179776173,-5934
12,NAVARRO COUNTY,KERENS ISD,630,Rural,under 1600,55392,63938.5179776173,-8547
12,NAVARRO COUNTY,MILDRED ISD,837,Rural,under 1600,56729,63938.5179776173,-7210
12,NAVARRO COUNTY,RICE ISD,1071,Non-metropolitan Stable,under 1600,59169,63938.5179776173,-4770
05,NEWTON COUNTY,BURKEVILLE ISD,247,Rural,under 300,61550,55141.1008458035,6409
05,NEWTON COUNTY,DEWEYVILLE ISD,538,Rural,under 1600,53779,55141.1008458035,-1362
05,NEWTON COUNTY,NEWTON ISD,927,Non-metropolitan Stable,under 1600,52025,55141.1008458035,-3116
14,NOLAN COUNTY,BLACKWELL CISD,170,Rural,under 300,59188,54828.3080103359,4360
14,NOLAN COUNTY,HIGHLAND ISD,222,Rural,under 300,50938,54828.3080103359,-3890
14,NOLAN COUNTY,ROSCOE COLLEGIATE ISD,8425,Non-metropolitan Fast Growing,over 5000,53555,54828.3080103359,-1273
14,NOLAN COUNTY,SWEETWATER ISD,1850,Non-metropolitan Stable,under 5000,54582,54828.3080103359,-246
02,NUECES COUNTY,AGUA DULCE ISD,391,Non-metropolitan Fast Growing,under 1600,58269,58781.2636661145,-512
02,NUECES COUNTY,BANQUETE ISD,821,Rural,under 1600,54183,58781.2636661145,-4598
02,NUECES COUNTY,BISHOP CISD,1362,Non-metropolitan Stable,under 1600,58618,58781.2636661145,-163
02,NUECES COUNTY,CALALLEN ISD,3877,Non-metropolitan Stable,under 5000,59947,58781.2636661145,1166
02,NUECES COUNTY,CORPUS CHRISTI ISD,33053,Other Central City,over 5000,57159,58781.2636661145,-1622
02,NUECES COUNTY,DRISCOLL ISD,340,Rural,under 1600,61454,58781.2636661145,2673
02,NUECES COUNTY,FLOUR BLUFF ISD,5665,Other Central City Suburban,over 5000,58944,58781.2636661145,163
02,NUECES COUNTY,LONDON ISD,1726,Other Central City Suburban,under 5000,55209,58781.2636661145,-3572
02,NUECES COUNTY,PORT ARANSAS ISD,527,Non-metropolitan Fast Growing,under 1600,58847,58781.2636661145,66
02,NUECES COUNTY,ROBSTOWN ISD,2508,Non-metropolitan Stable,under 5000,58980,58781.2636661145,199
02,NUECES COUNTY,TULOSO-MIDWAY ISD,3636,Other Central City Suburban,under 5000,58990,58781.2636661145,209
02,NUECES COUNTY,WEST OSO ISD,1908,Other Central City Suburban,under 5000,57118,58781.2636661145,-1663
16,OCHILTREE COUNTY,PERRYTON ISD,1922,Non-metropolitan Stable,under 5000,47781,50000,-2219
16,OLDHAM COUNTY,ADRIAN ISD,117,Rural,under 300,45119,71513.320754717,-26394
16,OLDHAM COUNTY,BOYS RANCH ISD,153,Rural,under 300,59127,71513.320754717,-12386
16,OLDHAM COUNTY,VEGA ISD,351,Rural,under 1600,51103,71513.320754717,-20410
16,OLDHAM COUNTY,WILDORADO ISD,215,Rural,under 300,44433,71513.320754717,-27080
05,ORANGE COUNTY,BRIDGE CITY ISD,3235,Independent Town,under 5000,54182,58199.875461017204,-4018
05,ORANGE COUNTY,LITTLE CYPRESS-MAURICEVILLE CISD,3241,Independent Town,under 5000,53398,58199.875461017204,-4802
05,ORANGE COUNTY,ORANGEFIELD ISD,1809,Other Central City Suburban,under 5000,53638,58199.875461017204,-4562
05,ORANGE COUNTY,VIDOR ISD,4311,Other Central City Suburban,under 5000,55499,58199.875461017204,-2701
05,ORANGE COUNTY,WEST ORANGE-COVE CISD,2573,Non-metropolitan Stable,under 5000,54695,58199.875461017204,-3505
11,PALO PINTO COUNTY,GORDON ISD,233,Rural,under 300,53568,50000,3568
11,PALO PINTO COUNTY,GRAFORD ISD,330,Rural,under 1600,56410,50000,6410
11,PALO PINTO COUNTY,MINERAL WELLS ISD,3321,Independent Town,under 5000,70715,50000,20715
11,PALO PINTO COUNTY,PALO PINTO ISD,102,Rural,under 300,53720,50000,3720
11,PALO PINTO COUNTY,SANTO ISD,556,Rural,under 1600,55580,50000,5580
11,PALO PINTO COUNTY,STRAWN ISD,165,Rural,under 300,58175,50000,8175
07,PANOLA COUNTY,BECKVILLE ISD,700,Rural,under 1600,53313,60436.5517241379,-7124
07,PANOLA COUNTY,CARTHAGE ISD,2598,Non-metropolitan Stable,under 5000,59539,60436.5517241379,-898
07,PANOLA COUNTY,GARY ISD,485,Rural,under 1600,53320,60436.5517241379,-7117
11,PARKER COUNTY,ALEDO ISD,8161,Major Suburban,over 5000,64939,71607.3684312164,-6668
11,PARKER COUNTY,BROCK ISD,2177,Other Central City Suburban,under 5000,54201,71607.3684312164,-17406
11,PARKER COUNTY,GARNER ISD,365,Non-metropolitan Fast Growing,under 1600,55498,71607.3684312164,-16109
11,PARKER COUNTY,MILLSAP ISD,1100,Other Central City Suburban,under 1600,58943,71607.3684312164,-12664
11,PARKER COUNTY,PEASTER ISD,1706,Other Central City Suburban,under 5000,57339,71607.3684312164,-14268
11,PARKER COUNTY,POOLVILLE ISD,749,Non-metropolitan Fast Growing,under 1600,55027,71607.3684312164,-16580
11,PARKER COUNTY,SPRINGTOWN ISD,4171,Other Central City Suburban,under 5000,61509,71607.3684312164,-10098
11,PARKER COUNTY,WEATHERFORD ISD,8203,Other Central City,over 5000,63268,71607.3684312164,-8339
16,PARMER COUNTY,BOVINA ISD,449,Rural,under 1600,59100,60564.5971563981,-1465
16,PARMER COUNTY,FARWELL ISD,605,Rural,under 1600,53151,60564.5971563981,-7414
16,PARMER COUNTY,FRIONA ISD,1020,Non-metropolitan Stable,under 1600,52491,60564.5971563981,-8074
16,PARMER COUNTY,LAZBUDDIE ISD,129,Rural,under 300,53595,60564.5971563981,-6970
18,PECOS COUNTY,BUENA VISTA ISD,255,Rural,under 300,52881,60459.200436324,-7578
18,PECOS COUNTY,FORT STOCKTON ISD,8427,Non-metropolitan Stable,over 5000,62060,60459.200436324,1601
18,PECOS COUNTY,IRAAN-SHEFFIELD COLLEGIATE ISD,347,Rural,under 1600,56758,60459.200436324,-3701
06,POLK COUNTY,BIG SANDY ISD,1197,Rural,under 1600,63103,58620.8758327314,4482
06,POLK COUNTY,CORRIGAN-CAMDEN ISD,836,Rural,under 1600,67018,58620.8758327314,8397
06,POLK COUNTY,GOODRICH ISD,272,Rural,under 300,53681,58620.8758327314,-4940
06,POLK COUNTY,LEGGETT ISD,199,Rural,under 300,57823,58620.8758327314,-798
06,POLK COUNTY,LIVINGSTON ISD,4052,Independent Town,under 5000,64776,58620.8758327314,6155
06,POLK COUNTY,ONALASKA ISD,1242,Non-metropolitan Stable,under 1600,60867,58620.8758327314,2246
16,POTTER COUNTY,AMARILLO ISD,29729,Other Central City,over 5000,60491,58618.976744186,1872
16,POTTER COUNTY,BUSHLAND ISD,1455,Other Central City Suburban,under 1600,54681,58618.976744186,-3938
16,POTTER COUNTY,HIGHLAND PARK ISD,7225,Rural,over 5000,61388,58618.976744186,2769
16,POTTER COUNTY,RIVER ROAD ISD,1191,Other Central City Suburban,under 1600,53737,58618.976744186,-4882
18,PRESIDIO COUNTY,MARFA ISD,223,Rural,under 300,53557,50000,3557
18,PRESIDIO COUNTY,PRESIDIO ISD,1038,Non-metropolitan Stable,under 1600,49785,50000,-215
07,RAINS COUNTY,RAINS ISD,1738,Non-metropolitan Stable,under 5000,53537,50000,3537
16,RANDALL COUNTY,CANYON ISD,11378,Other Central City,over 5000,60465,50000,10465
18,REAGAN COUNTY,REAGAN COUNTY ISD,810,Rural,under 1600,51491,60000,-8509
20,REAL COUNTY,LEAKEY ISD,368,Rural,under 1600,52848,60000,-7152
08,RED RIVER COUNTY,AVERY ISD,320,Rural,under 1600,52058,54348.824120603,-2291
08,RED RIVER COUNTY,CLARKSVILLE ISD,529,Rural,under 1600,50774,54348.824120603,-3575
08,RED RIVER COUNTY,DETROIT ISD,497,Rural,under 1600,49145,54348.824120603,-5204
08,RED RIVER COUNTY,RIVERCREST ISD,709,Rural,under 1600,52824,54348.824120603,-1525
18,REEVES COUNTY,BALMORHEA ISD,145,Rural,under 300,65653,63571.1096914927,2082
18,REEVES COUNTY,PECOS-BARSTOW-TOYAH ISD,2882,Non-metropolitan Stable,under 5000,63573,63571.1096914927,2
03,REFUGIO COUNTY,AUSTWELL-TIVOLI ISD,139,Rural,under 300,54757,66279.3305660377,-11522
03,REFUGIO COUNTY,REFUGIO ISD,685,Rural,under 1600,50071,66279.3305660377,-16208
03,REFUGIO COUNTY,WOODSBORO ISD,410,Rural,under 1600,56304,66279.3305660377,-9975
16,ROBERTS COUNTY,MIAMI ISD,198,Rural,under 300,60250,45000,15250
06,ROBERTSON COUNTY,BREMOND ISD,504,Rural,under 1600,55557,59761.0897165613,-4204
06,ROBERTSON COUNTY,CALVERT ISD,147,Rural,under 300,48519,59761.0897165613,-11242
06,ROBERTSON COUNTY,FRANKLIN ISD,1387,Other Central City Suburban,under 1600,54920,59761.0897165613,-4841
06,ROBERTSON COUNTY,HEARNE ISD,764,Rural,under 1600,54033,59761.0897165613,-5728
06,ROBERTSON COUNTY,MUMFORD ISD,600,Rural,under 1600,57357,59761.0897165613,-2404
10,ROCKWALL COUNTY,ROCKWALL ISD,18798,Other Central City,over 5000,63142,60000,3142
10,ROCKWALL COUNTY,ROYSE CITY ISD,9371,Other Central City Suburban,over 5000,60170,60000,170
15,RUNNELS COUNTY,BALLINGER ISD,799,Rural,under 1600,48679,54684.7014218009,-6006
15,RUNNELS COUNTY,MILES ISD,508,Rural,under 1600,50688,54684.7014218009,-3997
15,RUNNELS COUNTY,OLFEN ISD,142,Rural,under 300,51831,54684.7014218009,-2854
15,RUNNELS COUNTY,WINTERS ISD,539,Rural,under 1600,47307,54684.7014218009,-7378
07,RUSK COUNTY,CARLISLE ISD,639,Rural,under 1600,48799,50000,-1201
07,RUSK COUNTY,HENDERSON ISD,3292,Independent Town,under 5000,55419,50000,5419
07,RUSK COUNTY,LANEVILLE ISD,140,Rural,under 300,61790,50000,11790
07,RUSK COUNTY,LEVERETTS CHAPEL ISD,238,Rural,under 300,52913,50000,2913
07,RUSK COUNTY,MOUNT ENTERPRISE ISD,507,Non-metropolitan Fast Growing,under 1600,52604,50000,2604
07,RUSK COUNTY,OVERTON ISD,534,Rural,under 1600,61590,50000,11590
07,RUSK COUNTY,TATUM ISD,1383,Other Central City Suburban,under 1600,63875,50000,13875
07,RUSK COUNTY,WEST RUSK COUNTY CONSOLIDATED ISD,1013,Non-metropolitan Stable,under 1600,54999,50000,4999
07,SABINE COUNTY,HEMPHILL ISD,764,Rural,under 1600,57280,45000,12280
07,SABINE COUNTY,WEST SABINE ISD,618,Rural,under 1600,58237,45000,13237
07,SAN AUGUSTINE COUNTY,BROADDUS ISD,391,Rural,under 1600,59748,59181.2767908309,567
07,SAN AUGUSTINE COUNTY,SAN AUGUSTINE ISD,622,Rural,under 1600,59027,59181.2767908309,-154
06,SAN JACINTO COUNTY,COLDSPRING-OAKHURST CISD,1626,Other Central City Suburban,under 5000,59397,50000,9397
06,SAN JACINTO COUNTY,SHEPHERD ISD,1958,Other Central City Suburban,under 5000,62367,50000,12367
02,SAN PATRICIO COUNTY,ARANSAS PASS ISD,1731,Other Central City Suburban,under 5000,56715,67793.1095495911,-11078
02,SAN PATRICIO COUNTY,GREGORY-PORTLAND ISD,4963,Other Central City Suburban,under 5000,69017,67793.1095495911,1224
02,SAN PATRICIO COUNTY,INGLESIDE ISD,2010,Other Central City Suburban,under 5000,68326,67793.1095495911,533
02,SAN PATRICIO COUNTY,MATHIS ISD,1447,Non-metropolitan Stable,under 1600,58180,67793.1095495911,-9613
02,SAN PATRICIO COUNTY,ODEM-EDROY ISD,913,Non-metropolitan Stable,under 1600,55317,67793.1095495911,-12476
02,SAN PATRICIO COUNTY,SINTON ISD,2023,Non-metropolitan Stable,under 5000,60725,67793.1095495911,-7068
02,SAN PATRICIO COUNTY,TAFT ISD,836,Rural,under 1600,56736,67793.1095495911,-11057
15,SAN SABA COUNTY,CHEROKEE ISD,130,Rural,under 300,59828,60000,-172
15,SAN SABA COUNTY,RICHLAND SPRINGS ISD,140,Rural,under 300,58466,60000,-1534
15,SAN SABA COUNTY,SAN SABA ISD,738,Rural,under 1600,61459,60000,1459
15,SCHLEICHER COUNTY,SCHLEICHER ISD,451,Rural,under 1600,51876,50000,1876
14,SCURRY COUNTY,HERMLEIGH ISD,260,Rural,under 300,52893,60000,-7107
14,SCURRY COUNTY,IRA ISD,249,Rural,under 300,58216,60000,-1784
14,SCURRY COUNTY,SNYDER ISD,2396,Non-metropolitan Stable,under 5000,54506,60000,-5494
14,SHACKELFORD COUNTY,ALBANY ISD,496,Rural,under 1600,53492,49040.9032258065,4451
14,SHACKELFORD COUNTY,MORAN ISD,121,Rural,under 300,52124,49040.9032258065,3083
07,SHELBY COUNTY,CENTER ISD,2434,Non-metropolitan Stable,under 5000,55463,50000,5463
07,SHELBY COUNTY,EXCELSIOR ISD,77,Rural,under 300,48277,50000,-1723
07,SHELBY COUNTY,JOAQUIN ISD,712,Rural,under 1600,57743,50000,7743
07,SHELBY COUNTY,SHELBYVILLE ISD,857,Rural,under 1600,57802,50000,7802
07,SHELBY COUNTY,TENAHA ISD,459,Rural,under 1600,69823,50000,19823
07,SHELBY COUNTY,TIMPSON ISD,717,Rural,under 1600,53639,50000,3639
16,SHERMAN COUNTY,STRATFORD ISD,534,Rural,under 1600,53718,50000,3718
16,SHERMAN COUNTY,TEXHOMA ISD,161,Rural,under 300,45408,50000,-4592
07,SMITH COUNTY,ARP ISD,1002,Non-metropolitan Stable,under 1600,54268,62120.0368676868,-7852
07,SMITH COUNTY,BULLARD ISD,2912,Other Central City Suburban,under 5000,51936,62120.0368676868,-10184
07,SMITH COUNTY,CHAPEL HILL ISD,4248,Other Central City Suburban,under 5000,54854,62120.0368676868,-7266
07,SMITH COUNTY,LINDALE ISD,4552,Other Central City Suburban,under 5000,54921,62120.0368676868,-7199
07,SMITH COUNTY,TROUP ISD,1075,Non-metropolitan Stable,under 1600,55010,62120.0368676868,-7110
07,SMITH COUNTY,TYLER ISD,18304,Other Central City,over 5000,58890,62120.0368676868,-3230
07,SMITH COUNTY,WHITEHOUSE ISD,4826,Other Central City Suburban,under 5000,57035,62120.0368676868,-5085
07,SMITH COUNTY,WINONA ISD,1153,Other Central City Suburban,under 1600,55430,62120.0368676868,-6690
11,SOMERVELL COUNTY,GLEN ROSE ISD,2060,Non-metropolitan Stable,under 5000,61361,60000,1361
01,STARR COUNTY,RIO GRANDE CITY GRULLA ISD,9482,Other Central City Suburban,over 5000,54294,60000,-5706
01,STARR COUNTY,ROMA ISD,5932,Non-metropolitan Stable,over 5000,59916,60000,-84
01,STARR COUNTY,SAN ISIDRO ISD,163,Rural,under 300,51111,60000,-8889
14,STEPHENS COUNTY,BRECKENRIDGE ISD,1390,Non-metropolitan Stable,under 1600,53417,59375.0193780982,-5958
15,STERLING COUNTY,STERLING CITY ISD,360,Rural,under 1600,54803,60000,-5197
14,STONEWALL COUNTY,ASPERMONT ISD,192,Rural,under 300,49020,58950.904109589,-9931
15,SUTTON COUNTY,SONORA ISD,654,Rural,under 1600,53358,50000,3358
16,SWISHER COUNTY,HAPPY ISD,270,Rural,under 300,55640,50000,5640
16,SWISHER COUNTY,KRESS ISD,264,Rural,under 300,50158,50000,158
16,SWISHER COUNTY,TULIA ISD,884,Non-metropolitan Stable,under 1600,53884,50000,3884
11,TARRANT COUNTY,ARLINGTON ISD,54750,Major Urban,over 5000,66378,65679.9675791464,698
11,TARRANT COUNTY,AZLE ISD,7218,Major Suburban,over 5000,65083,65679.9675791464,-597
11,TARRANT COUNTY,BIRDVILLE ISD,22219,Major Suburban,over 5000,65446,65679.9675791464,-234
11,TARRANT COUNTY,CARROLL ISD,8292,Major Suburban,over 5000,63559,65679.9675791464,-2121
11,TARRANT COUNTY,CASTLEBERRY ISD,3740,Major Suburban,under 5000,66052,65679.9675791464,372
11,TARRANT COUNTY,CROWLEY ISD,16956,Major Suburban,over 5000,68202,65679.9675791464,2522
11,TARRANT COUNTY,EAGLE MT-SAGINAW ISD,23462,Major Suburban,over 5000,63964,65679.9675791464,-1716
11,TARRANT COUNTY,EVERMAN ISD,5139,Major Suburban,over 5000,66800,65679.9675791464,1120
11,TARRANT COUNTY,FORT WORTH ISD,71060,Major Urban,over 5000,68965,65679.9675791464,3285
11,TARRANT COUNTY,GRAPEVINE-COLLEYVILLE ISD,13565,Major Suburban,over 5000,64684,65679.9675791464,-996
11,TARRANT COUNTY,HURST-EULESS-BEDFORD ISD,23226,Major Suburban,over 5000,67206,65679.9675791464,1526
11,TARRANT COUNTY,KELLER ISD,33250,Major Suburban,over 5000,64103,65679.9675791464,-1577
11,TARRANT COUNTY,KENNEDALE ISD,2827,Major Suburban,under 5000,65415,65679.9675791464,-265
11,TARRANT COUNTY,LAKE WORTH ISD,3238,Major Suburban,under 5000,65466,65679.9675791464,-214
11,TARRANT COUNTY,MANSFIELD ISD,35851,Major Suburban,over 5000,68264,65679.9675791464,2584
11,TARRANT COUNTY,WHITE SETTLEMENT ISD,6895,Major Suburban,over 5000,64558,65679.9675791464,-1122
14,TAYLOR COUNTY,ABILENE ISD,14652,Other Central City,over 5000,56384,59326.661270145,-2943
14,TAYLOR COUNTY,JIM NED CISD,1630,Non-metropolitan Fast Growing,under 5000,54743,59326.661270145,-4584
14,TAYLOR COUNTY,MERKEL ISD,1127,Other Central City Suburban,under 1600,52619,59326.661270145,-6708
14,TAYLOR COUNTY,TRENT ISD,146,Rural,under 300,52849,59326.661270145,-6478
14,TAYLOR COUNTY,WYLIE ISD,24738,Other Central City Suburban,over 5000,52910,59326.661270145,-6417
18,TERRELL COUNTY,TERRELL COUNTY ISD,117,Rural,under 300,49852,50000,-148
17,TERRY COUNTY,BROWNFIELD ISD,1655,Non-metropolitan Stable,under 5000,51553,59009.1640142903,-7456
17,TERRY COUNTY,MEADOW ISD,237,Rural,under 300,52179,59009.1640142903,-6830
17,TERRY COUNTY,WELLMAN-UNION CISD,279,Rural,under 300,54498,59009.1640142903,-4511
09,THROCKMORTON COUNTY,THROCKMORTON COLLEGIATE ISD,131,Rural,under 300,50030,45000,5030
09,THROCKMORTON COUNTY,WOODSON ISD,176,Rural,under 300,65222,45000,20222
08,TITUS COUNTY,CHAPEL HILL ISD,4248,Non-metropolitan Stable,under 5000,55056,50000,5056
08,TITUS COUNTY,HARTS BLUFF ISD,891,Non-metropolitan Fast Growing,under 1600,53840,50000,3840
08,TITUS COUNTY,MOUNT PLEASANT ISD,5152,Independent Town,over 5000,53974,50000,3974
15,TOM GREEN COUNTY,CHRISTOVAL ISD,636,Rural,under 1600,48042,50000,-1958
15,TOM GREEN COUNTY,GRAPE CREEK ISD,1199,Other Central City Suburban,under 1600,48453,50000,-1547
15,TOM GREEN COUNTY,SAN ANGELO ISD,13180,Other Central City,over 5000,54091,50000,4091
15,TOM GREEN COUNTY,VERIBEST ISD,255,Rural,under 300,53527,50000,3527
15,TOM GREEN COUNTY,WALL ISD,1334,Other Central City Suburban,under 1600,50722,50000,722
15,TOM GREEN COUNTY,WATER VALLEY ISD,319,Rural,under 1600,53654,50000,3654
13,TRAVIS COUNTY,AUSTIN ISD,72830,Major Urban,over 5000,60821,66192.2506750294,-5371
13,TRAVIS COUNTY,DEL VALLE ISD,11287,Major Suburban,over 5000,62962,66192.2506750294,-3230
13,TRAVIS COUNTY,EANES ISD,7738,Major Suburban,over 5000,62018,66192.2506750294,-4174
13,TRAVIS COUNTY,LAGO VISTA ISD,1846,Non-metropolitan Fast Growing,under 5000,60220,66192.2506750294,-5972
13,TRAVIS COUNTY,LAKE TRAVIS ISD,11272,Major Suburban,over 5000,63185,66192.2506750294,-3007
13,TRAVIS COUNTY,MANOR ISD,9658,Major Suburban,over 5000,67471,66192.2506750294,1279
13,TRAVIS COUNTY,PFLUGERVILLE ISD,25297,Major Suburban,over 5000,58826,66192.2506750294,-7366
13,TRAVIS COUNTY,UNIVERSITY OF TEXAS AT AUSTIN H S,788,Major Suburban,under 1600,68949,66192.2506750294,2757
06,TRINITY COUNTY,APPLE SPRINGS ISD,207,Rural,under 300,60545,49126.6864864865,11418
06,TRINITY COUNTY,CENTERVILLE ISD,823,Rural,under 1600,57271,49126.6864864865,8144
06,TRINITY COUNTY,GROVETON ISD,771,Rural,under 1600,57340,49126.6864864865,8213
06,TRINITY COUNTY,TRINITY ISD,1220,Non-metropolitan Stable,under 1600,51335,49126.6864864865,2208
05,TYLER COUNTY,CHESTER ISD,187,Rural,under 300,54943,50000,4943
05,TYLER COUNTY,COLMESNEIL ISD,401,Rural,under 1600,63570,50000,13570
05,TYLER COUNTY,SPURGER ISD,368,Rural,under 1600,52603,50000,2603
05,TYLER COUNTY,WARREN ISD,1197,Non-metropolitan Stable,under 1600,59767,50000,9767
05,TYLER COUNTY,WOODVILLE ISD,1215,Non-metropolitan Stable,under 1600,55147,50000,5147
07,UPSHUR COUNTY,BIG SANDY ISD,1197,Rural,under 1600,49035,60251.1129402756,-11216
07,UPSHUR COUNTY,GILMER ISD,2923,Other Central City Suburban,under 5000,52167,60251.1129402756,-8084
07,UPSHUR COUNTY,HARMONY ISD,981,Non-metropolitan Stable,under 1600,53550,60251.1129402756,-6701
07,UPSHUR COUNTY,NEW DIANA ISD,1164,Other Central City Suburban,under 1600,59545,60251.1129402756,-706
07,UPSHUR COUNTY,ORE CITY ISD,807,Rural,under 1600,52979,60251.1129402756,-7272
07,UPSHUR COUNTY,UNION GROVE ISD,737,Rural,under 1600,51016,60251.1129402756,-9235
07,UPSHUR COUNTY,UNION HILL ISD,276,Rural,under 300,52969,60251.1129402756,-7282
18,UPTON COUNTY,MCCAMEY ISD,498,Rural,under 1600,62361,40000,22361
18,UPTON COUNTY,RANKIN ISD,295,Rural,under 300,57649,40000,17649
20,UVALDE COUNTY,KNIPPA ISD,398,Rural,under 1600,50764,45000,5764
20,UVALDE COUNTY,SABINAL ISD,466,Rural,under 1600,54085,45000,9085
20,UVALDE COUNTY,UTOPIA ISD,201,Rural,under 300,52801,45000,7801
20,UVALDE COUNTY,UVALDE CISD,4062,Non-metropolitan Stable,under 5000,57484,45000,12484
15,VAL VERDE COUNTY,COMSTOCK ISD,200,Rural,under 300,54466,50000,4466
15,VAL VERDE COUNTY,SAN FELIPE-DEL RIO CISD,9907,Independent Town,over 5000,60152,50000,10152
10,VAN ZANDT COUNTY,CANTON ISD,2367,Independent Town,under 5000,57346,50000,7346
07,VAN ZANDT COUNTY,EDGEWOOD ISD,8980,Non-metropolitan Stable,over 5000,57322,50000,7322
07,VAN ZANDT COUNTY,FRUITVALE ISD,401,Rural,under 1600,54746,50000,4746
07,VAN ZANDT COUNTY,GRAND SALINE ISD,1176,Non-metropolitan Stable,under 1600,55037,50000,5037
07,VAN ZANDT COUNTY,MARTINS MILL ISD,485,Rural,under 1600,59850,50000,9850
07,VAN ZANDT COUNTY,VAN ISD,2351,Other Central City Suburban,under 5000,56712,50000,6712
10,VAN ZANDT COUNTY,WILLS POINT ISD,2863,Independent Town,under 5000,66718,50000,16718
03,VICTORIA COUNTY,BLOOMINGTON ISD,906,Rural,under 1600,52262,64421.1237877924,-12159
03,VICTORIA COUNTY,NURSERY ISD,137,Rural,under 300,53331,64421.1237877924,-11090
03,VICTORIA COUNTY,VICTORIA ISD,13027,Independent Town,over 5000,51901,64421.1237877924,-12520
06,WALKER COUNTY,HUNTSVILLE ISD,11318,Independent Town,over 5000,55814,60000,-4186
06,WALKER COUNTY,NEW WAVERLY ISD,1066,Non-metropolitan Stable,under 1600,63360,60000,3360
04,WALLER COUNTY,HEMPSTEAD ISD,1582,Non-metropolitan Stable,under 1600,56866,60000,-3134
04,WALLER COUNTY,ROYAL ISD,2729,Non-metropolitan Stable,under 5000,65234,60000,5234
04,WALLER COUNTY,WALLER ISD,9283,Independent Town,over 5000,66883,60000,6883
18,WARD COUNTY,GRANDFALLS-ROYALTY ISD,138,Rural,under 300,63393,50000,13393
18,WARD COUNTY,MONAHANS-WICKETT-PYOTE ISD,2200,Other Central City Suburban,under 5000,59994,50000,9994
06,WASHINGTON COUNTY,BRENHAM ISD,4865,Independent Town,under 5000,57303,55397.5215586075,1905
06,WASHINGTON COUNTY,BURTON ISD,588,Rural,under 1600,62294,55397.5215586075,6896
01,WEBB COUNTY,LAREDO ISD,20592,Other Central City Suburban,over 5000,60882,50000,10882
01,WEBB COUNTY,UNITED ISD,41203,Other Central City,over 5000,61559,50000,11559
01,WEBB COUNTY,WEBB CISD,256,Rural,under 300,67083,50000,17083
03,WHARTON COUNTY,BOLING ISD,1145,Non-metropolitan Stable,under 1600,54387,58897.9203065134,-4511
03,WHARTON COUNTY,EAST BERNARD ISD,1002,Non-metropolitan Stable,under 1600,54539,58897.9203065134,-4359
03,WHARTON COUNTY,EL CAMPO ISD,3326,Independent Town,under 5000,61070,58897.9203065134,2172
03,WHARTON COUNTY,LOUISE ISD,521,Rural,under 1600,58597,58897.9203065134,-301
03,WHARTON COUNTY,WHARTON ISD,1823,Non-metropolitan Stable,under 5000,57724,58897.9203065134,-1174
16,WHEELER COUNTY,FORT ELLIOTT CISD,158,Rural,under 300,49030,50000,-970
16,WHEELER COUNTY,KELTON ISD,140,Rural,under 300,55110,50000,5110
16,WHEELER COUNTY,SHAMROCK ISD,344,Rural,under 1600,52306,50000,2306
16,WHEELER COUNTY,WHEELER ISD,386,Rural,under 1600,52382,50000,2382
09,WICHITA COUNTY,BURKBURNETT ISD,3267,Other Central City Suburban,under 5000,53515,56398.5661195253,-2884
09,WICHITA COUNTY,CITY VIEW ISD,1170,Other Central City Suburban,under 1600,51734,56398.5661195253,-4665
09,WICHITA COUNTY,ELECTRA ISD,444,Rural,under 1600,54333,56398.5661195253,-2066
09,WICHITA COUNTY,IOWA PARK CISD,1938,Other Central City Suburban,under 5000,56054,56398.5661195253,-345
09,WICHITA COUNTY,WICHITA FALLS ISD,12868,Other Central City,over 5000,56019,56398.5661195253,-380
09,WILBARGER COUNTY,HARROLD ISD,152,Rural,under 300,57979,50000,7979
09,WILBARGER COUNTY,NORTHSIDE ISD,101329,Rural,over 5000,58505,50000,8505
09,WILBARGER COUNTY,VERNON ISD,1769,Non-metropolitan Stable,under 5000,55940,50000,5940
01,WILLACY COUNTY,LASARA ISD,356,Rural,under 1600,54264,60000,-5736
01,WILLACY COUNTY,LYFORD CISD,1440,Non-metropolitan Stable,under 1600,54784,60000,-5216
01,WILLACY COUNTY,RAYMONDVILLE ISD,1975,Other Central City Suburban,under 5000,59168,60000,-832
01,WILLACY COUNTY,SAN PERLITA ISD,212,Rural,under 300,53192,60000,-6808
13,WILLIAMSON COUNTY,COUPLAND ISD,296,Rural,under 300,53166,60000,-6834
13,WILLIAMSON COUNTY,FLORENCE ISD,1153,Non-metropolitan Stable,under 1600,58294,60000,-1706
13,WILLIAMSON COUNTY,GEORGETOWN ISD,13472,Other Central City Suburban,over 5000,58463,60000,-1537
13,WILLIAMSON COUNTY,GRANGER ISD,561,Non-metropolitan Fast Growing,under 1600,56877,60000,-3123
13,WILLIAMSON COUNTY,HUTTO ISD,10035,Other Central City Suburban,over 5000,58724,60000,-1276
13,WILLIAMSON COUNTY,JARRELL ISD,3713,Non-metropolitan Fast Growing,under 5000,59954,60000,-46
13,WILLIAMSON COUNTY,LEANDER ISD,42593,Major Suburban,over 5000,60564,60000,564
13,WILLIAMSON COUNTY,LIBERTY HILL ISD,8829,Other Central City Suburban,over 5000,58494,60000,-1506
13,WILLIAMSON COUNTY,ROUND ROCK ISD,46197,Major Suburban,over 5000,60407,60000,407
13,WILLIAMSON COUNTY,TAYLOR ISD,3063,Non-metropolitan Stable,under 5000,59192,60000,-808
13,WILLIAMSON COUNTY,THRALL ISD,852,Rural,under 1600,58642,60000,-1358
20,WILSON COUNTY,FLORESVILLE ISD,4080,Independent Town,under 5000,58434,60000,-1566
20,WILSON COUNTY,LA VERNIA ISD,3467,Independent Town,under 5000,65271,60000,5271
20,WILSON COUNTY,POTH ISD,949,Non-metropolitan Stable,under 1600,51084,60000,-8916
20,WILSON COUNTY,STOCKDALE ISD,862,Rural,under 1600,56511,60000,-3489
18,WINKLER COUNTY,KERMIT ISD,1342,Other Central City Suburban,under 1600,58717,50000,8717
18,WINKLER COUNTY,WINK-LOVING ISD,445,Rural,under 1600,62368,50000,12368
11,WISE COUNTY,ALVORD ISD,850,Rural,under 1600,55795,68331.4259656063,-12536
11,WISE COUNTY,BOYD ISD,1293,Non-metropolitan Stable,under 1600,56990,68331.4259656063,-11341
11,WISE COUNTY,BRIDGEPORT ISD,2119,Non-metropolitan Stable,under 5000,55961,68331.4259656063,-12370
11,WISE COUNTY,CHICO ISD,558,Rural,under 1600,62805,68331.4259656063,-5526
11,WISE COUNTY,DECATUR ISD,3811,Independent Town,under 5000,61048,68331.4259656063,-7283
11,WISE COUNTY,PARADISE ISD,1304,Non-metropolitan Stable,under 1600,59841,68331.4259656063,-8490
11,WISE COUNTY,SLIDELL ISD,482,Non-metropolitan Fast Growing,under 1600,53258,68331.4259656063,-15073
07,WOOD COUNTY,ALBA-GOLDEN ISD,834,Rural,under 1600,55197,60045.4312530237,-4848
07,WOOD COUNTY,HAWKINS ISD,792,Rural,under 1600,52078,60045.4312530237,-7967
07,WOOD COUNTY,MINEOLA ISD,1662,Independent Town,under 5000,54050,60045.4312530237,-5995
07,WOOD COUNTY,QUITMAN ISD,1210,Independent Town,under 1600,52245,60045.4312530237,-7800
07,WOOD COUNTY,WINNSBORO ISD,1483,Independent Town,under 1600,50864,60045.4312530237,-9181
07,WOOD COUNTY,YANTIS ISD,348,Rural,under 1600,50178,60045.4312530237,-9867
17,YOAKUM COUNTY,DENVER CITY ISD,1505,Non-metropolitan Stable,under 1600,60269,50000,10269
17,YOAKUM COUNTY,PLAINS ISD,421,Rural,under 1600,57201,50000,7201
09,YOUNG COUNTY,GRAHAM ISD,2183,Non-metropolitan Stable,under 5000,63311,45000,18311
09,YOUNG COUNTY,NEWCASTLE ISD,225,Rural,under 300,59463,45000,14463
09,YOUNG COUNTY,OLNEY ISD,728,Rural,under 1600,52496,45000,7496
01,ZAPATA COUNTY,ZAPATA COUNTY ISD,3359,Other Central City Suburban,under 5000,56221,50000,6221
20,ZAVALA COUNTY,CRYSTAL CITY ISD,1716,Non-metropolitan Stable,under 5000,54812,50000,4812
20,ZAVALA COUNTY,LA PRYOR ISD,444,Rural,under 1600,55819,50000,5819
